MOF,PredictedValue,Model,Features
mof_7484,33.1,SK_RF,Density
mof_701,36.1,SK_RF,Density
mof_653,35.8,SK_RF,Density
mof_700,36.1,SK_RF,Density
mof_10598,33.0,SK_RF,Density
mof_652,35.7,SK_RF,Density
mof_10560,35.3,SK_RF,Density
mof_10597,33.3,SK_RF,Density
mof_10515,35.2,SK_RF,Density
mof_10512,35.1,SK_RF,Density
mof_10472,34.0,SK_RF,Density
mof_10644,32.7,SK_RF,Density
mof_10801,34.8,SK_RF,Density
mof_10600,36.1,SK_RF,Density
mof_9722,36.0,SK_RF,Density
mof_365,33.6,SK_RF,Density
mof_10604,34.5,SK_RF,Density
mof_10646,33.6,SK_RF,Density
mof_749,37.8,SK_RF,Density
mof_10653,33.0,SK_RF,Density
mof_10602,35.6,SK_RF,Density
mof_10842,35.7,SK_RF,Density
mof_10893,32.9,SK_RF,Density
mof_10846,35.7,SK_RF,Density
mof_10805,36.2,SK_RF,Density
mof_10652,35.4,SK_RF,Density
mof_10475,35.9,SK_RF,Density
mof_10607,35.5,SK_RF,Density
mof_748,37.7,SK_RF,Density
mof_10517,35.8,SK_RF,Density
mof_10894,36.5,SK_RF,Density
mof_10715,35.9,SK_RF,Density
mof_10807,35.4,SK_RF,Density
mof_10521,36.0,SK_RF,Density
mof_10611,37.9,SK_RF,Density
mof_10895,36.3,SK_RF,Density
mof_10654,36.4,SK_RF,Density
mof_10568,37.2,SK_RF,Density
mof_10612,38.0,SK_RF,Density
mof_10850,35.6,SK_RF,Density
mof_368,34.9,SK_RF,Density
mof_10656,38.5,SK_RF,Density
mof_10851,37.7,SK_RF,Density
mof_10855,38.0,SK_RF,Density
mof_10900,38.5,SK_RF,Density
mof_10615,37.8,SK_RF,Density
mof_10407,34.2,SK_RF,Density
mof_10718,39.6,SK_RF,Density
mof_10762,39.1,SK_RF,Density
mof_10763,38.6,SK_RF,Density
mof_10616,39.6,SK_RF,Density
mof_10661,39.3,SK_RF,Density
mof_10410,37.0,SK_RF,Density
mof_10414,37.5,SK_RF,Density
mof_10764,37.0,SK_RF,Density
mof_10572,37.7,SK_RF,Density
mof_10477,40.5,SK_RF,Density
mof_10857,38.6,SK_RF,Density
mof_10664,40.3,SK_RF,Density
mof_10904,40.4,SK_RF,Density
mof_10418,37.6,SK_RF,Density
mof_10416,39.1,SK_RF,Density
mof_10417,38.7,SK_RF,Density
mof_10860,39.8,SK_RF,Density
mof_10574,43.1,SK_RF,Density
mof_10906,42.2,SK_RF,Density
mof_10907,41.7,SK_RF,Density
mof_10910,45.7,SK_RF,Density
OKERAY_UM,3.8,SK_RF,VF
mof_631,28.2,SK_LR,PV
mof_6152,27.8,SK_LR,PV
mof_6151,27.5,SK_LR,PV
mof_10080,27.9,SK_LR,PV
mof_599,27.8,SK_LR,PV
mof_9894,28.0,SK_LR,PV
mof_10081,27.4,SK_LR,PV
mof_2115,28.7,SK_LR,PV
mof_727,30.2,SK_LR,PV
mof_6248,27.7,SK_LR,PV
mof_6247,27.8,SK_LR,PV
mof_643,28.9,SK_LR,PV
mof_10084,28.2,SK_LR,PV
mof_9897,28.2,SK_LR,PV
mof_2349,30.2,SK_LR,PV
mof_2159,27.1,SK_LR,PV
mof_691,29.0,SK_LR,PV
mof_2163,30.1,SK_LR,PV
mof_1968,27.1,SK_LR,PV
mof_4856,27.9,SK_LR,PV
mof_6754,27.5,SK_LR,PV
mof_7475,27.5,SK_LR,PV
mof_733,29.0,SK_LR,PV
mof_734,29.0,SK_LR,PV
mof_7532,28.7,SK_LR,PV
mof_7531,29.0,SK_LR,PV
mof_772,27.2,SK_LR,PV
mof_779,29.2,SK_LR,PV
mof_7106,28.3,SK_LR,PV
mof_1737,31.1,SK_LR,PV
mof_692,29.3,SK_LR,PV
mof_10089,28.2,SK_LR,PV
mof_7866,29.9,SK_LR,PV
mof_646,28.5,SK_LR,PV
mof_4855,27.8,SK_LR,PV
mof_542,27.9,SK_LR,PV
mof_736,30.6,SK_LR,PV
mof_2348,30.1,SK_LR,PV
mof_782,29.4,SK_LR,PV
mof_644,29.0,SK_LR,PV
mof_544,29.2,SK_LR,PV
mof_6716,27.8,SK_LR,PV
mof_9857,27.3,SK_LR,PV
mof_10545,28.2,SK_LR,PV
mof_738,31.2,SK_LR,PV
mof_784,31.2,SK_LR,PV
mof_11047,27.2,SK_LR,PV
mof_10456,29.3,SK_LR,PV
mof_648,29.2,SK_LR,PV
mof_602,28.9,SK_LR,PV
mof_11539,28.4,SK_LR,PV
mof_10453,27.0,SK_LR,PV
mof_9856,27.8,SK_LR,PV
mof_7105,28.2,SK_LR,PV
mof_603,27.8,SK_LR,PV
mof_10498,27.0,SK_LR,PV
mof_537,28.9,SK_LR,PV
mof_721,28.7,SK_LR,PV
mof_737,28.4,SK_LR,PV
mof_10590,26.9,SK_LR,PV
mof_786,31.7,SK_LR,PV
mof_539,28.0,SK_LR,PV
mof_785,28.9,SK_LR,PV
mof_7481,29.5,SK_LR,PV
mof_10829,27.6,SK_LR,PV
mof_10830,26.8,SK_LR,PV
mof_1975,28.2,SK_LR,PV
mof_7480,29.8,SK_LR,PV
mof_605,32.3,SK_LR,PV
mof_769,30.0,SK_LR,PV
mof_347,27.6,SK_LR,PV
mof_410,28.7,SK_LR,PV
mof_10636,29.8,SK_LR,PV
mof_10698,29.6,SK_LR,PV
mof_10876,29.7,SK_LR,PV
mof_10638,27.9,SK_LR,PV
mof_457,28.4,SK_LR,PV
mof_10589,27.6,SK_LR,PV
mof_412,27.2,SK_LR,PV
mof_10553,28.8,SK_LR,PV
mof_10834,28.7,SK_LR,PV
mof_9905,29.9,SK_LR,PV
mof_742,30.8,SK_LR,PV
mof_10462,29.0,SK_LR,PV
mof_651,30.5,SK_LR,PV
mof_790,31.4,SK_LR,PV
mof_10550,30.3,SK_LR,PV
mof_697,32.0,SK_LR,PV
mof_10500,28.6,SK_LR,PV
mof_552,30.2,SK_LR,PV
mof_10745,28.5,SK_LR,PV
mof_6720,28.2,SK_LR,PV
mof_10594,30.0,SK_LR,PV
mof_506,29.7,SK_LR,PV
mof_744,31.6,SK_LR,PV
mof_461,31.1,SK_LR,PV
mof_792,32.1,SK_LR,PV
mof_1977,32.5,SK_LR,PV
mof_10705,30.8,SK_LR,PV
mof_10833,31.0,SK_LR,PV
mof_10789,30.6,SK_LR,PV
mof_353,29.4,SK_LR,PV
mof_10831,30.9,SK_LR,PV
mof_505,30.1,SK_LR,PV
mof_10593,30.9,SK_LR,PV
mof_10749,29.1,SK_LR,PV
mof_10395,27.4,SK_LR,PV
mof_10503,28.8,SK_LR,PV
mof_10554,32.7,SK_LR,PV
mof_6577,30.7,SK_LR,PV
mof_10707,32.0,SK_LR,PV
mof_10508,31.6,SK_LR,PV
mof_10504,33.5,SK_LR,PV
mof_10466,29.3,SK_LR,PV
mof_10506,32.6,SK_LR,PV
mof_10706,29.5,SK_LR,PV
mof_10799,33.1,SK_LR,PV
mof_358,31.6,SK_LR,PV
mof_10794,33.1,SK_LR,PV
mof_10751,32.8,SK_LR,PV
mof_361,31.7,SK_LR,PV
mof_10601,31.7,SK_LR,PV
mof_10835,30.2,SK_LR,PV
mof_10841,31.7,SK_LR,PV
mof_10596,31.7,SK_LR,PV
mof_10709,32.8,SK_LR,PV
mof_10643,31.2,SK_LR,PV
mof_10649,32.1,SK_LR,PV
mof_10889,32.5,SK_LR,PV
mof_10754,32.4,SK_LR,PV
mof_10605,32.0,SK_LR,PV
mof_10887,32.8,SK_LR,PV
mof_10845,32.0,SK_LR,PV
mof_10647,32.8,SK_LR,PV
NU-TPE-4TP-csq-l,10.3,SK_RF,LCD
RAVXOD_CoRE,12.7,SK_LR,LCD
mof_1320,9.4,SK_RF,PLD
NU-Pyr-4PP-csq-l,9.5,SK_GB,PLD
mof_1405,16.1,SK_LR,PLD
mof_1287,16.9,SK_LR,PLD
mof_1450,12.4,SK_LR,PLD
mof_1186,13.9,SK_LR,PLD
mof_1291,18.3,SK_LR,PLD
mof_1281,14.9,SK_LR,PLD
mof_1140,18.1,SK_LR,PLD
NU-Por-4TTP-csq,12.2,SK_LR,PLD
mof_1453,13.4,SK_LR,PLD
mof_1330,12.2,SK_LR,PLD
mof_1087,14.4,SK_LR,PLD
mof_1139,18.4,SK_LR,PLD
mof_1189,14.9,SK_LR,PLD
mof_1404,16.2,SK_LR,PLD
mof_1407,19.3,SK_LR,PLD
mof_1406,19.6,SK_LR,PLD
mof_1298,18.1,SK_LR,PLD
mof_1296,18.4,SK_LR,PLD
mof_1337,13.9,SK_LR,PLD
mof_897,19.7,SK_LR,PLD
mof_1142,21.3,SK_LR,PLD
mof_943,14.2,SK_LR,PLD
mof_1347,16.5,SK_LR,PLD
mof_1346,15.4,SK_LR,PLD
mof_1088,18.4,SK_LR,PLD
mof_1187,15.6,SK_LR,PLD
mof_942,14.4,SK_LR,PLD
mof_1190,18.2,SK_LR,PLD
mof_11825,23.9,SK_LR,PLD
RAVXIX_CoRE,10.2,SK_LR,PLD
mof_11684,23.7,SK_RF,"GSA,PLD"
mof_13069,26.1,SK_LR,"PV,LCD"
mof_12491,23.7,SK_LR,"LCD,PLD"
