Features,Model,MSE,R²
Density,SK_RF,0.23779001642247607,0.9816254956458916
Density,XG_RF,0.34330888724968905,0.9734718440308023
Density,SK_GB,0.23881876253060988,0.9815460024016942
Density,SK_LR,6.310490403470054,0.5123759393282921
GSA,SK_RF,2.1303123785234113,0.8353865538019719
GSA,XG_RF,2.1228038677254695,0.8359667512653698
GSA,SK_GB,2.1067659319795844,0.8372060342454849
GSA,SK_LR,3.899292919613346,0.6986939325405279
VSA,SK_RF,11.137811014861258,0.13935933868558725
VSA,XG_RF,11.220097043441482,0.13300093469042806
VSA,SK_GB,11.813390326330238,0.0871559905934719
VSA,SK_LR,11.706326855319581,0.09542899651629466
VF,SK_RF,0.3841548581356139,0.9703155951639122
VF,XG_RF,0.38497799581677783,0.970251989689073
VF,SK_GB,0.38676648551387444,0.9701137895567841
VF,SK_LR,5.709746388766966,0.5587966161924327
PV,SK_RF,0.12572668551491653,0.9902848506208224
PV,XG_RF,0.24965655588192162,0.9807085446979662
PV,SK_GB,0.12559589543379443,0.9902949570287836
PV,SK_LR,1.726845952422229,0.8665632016472765
LCD,SK_RF,3.6478248777469684,0.7181253649434071
LCD,XG_RF,3.591044570875754,0.7225128914322363
LCD,SK_GB,3.586764002309816,0.722843659422147
LCD,SK_LR,3.627023146448049,0.7197327558174036
PLD,SK_RF,3.348315001893936,0.7412690847713344
PLD,XG_RF,3.3258324124668537,0.7430063588736482
PLD,SK_GB,3.304003293482856,0.744693138023809
PLD,SK_LR,3.645124614405311,0.7183340196265389
"Density,GSA",SK_RF,0.2473124328974251,0.9808896797120985
"Density,GSA",XG_RF,0.3431479101909187,0.9734842830461646
"Density,GSA",SK_GB,0.20189292546582224,0.9843993347834901
"Density,GSA",SK_LR,3.89588922964704,0.6989569423886571
"Density,VSA",SK_RF,0.27199776642797807,0.9789821952211016
"Density,VSA",XG_RF,0.3090756953743918,0.9761171103991351
"Density,VSA",SK_GB,0.20105429377238765,0.9844641375112679
"Density,VSA",SK_LR,5.405816230023776,0.582281900012127
"Density,VF",SK_RF,0.07216176072888976,0.994423918183523
"Density,VF",XG_RF,0.10988966868039216,0.9915086081997152
"Density,VF",SK_GB,0.07268500704252935,0.9943834859071269
"Density,VF",SK_LR,5.62237886595637,0.5655476772859263
"Density,PV",SK_RF,0.06514396273732,0.9949661972989056
"Density,PV",XG_RF,0.21495154862463842,0.9833902691729978
"Density,PV",SK_GB,0.06482511494425298,0.9949908352978012
"Density,PV",SK_LR,1.0794938535698584,0.916585377253972
"Density,LCD",SK_RF,0.17085917732884368,0.9867973738132453
"Density,LCD",XG_RF,0.2826195483703454,0.9781614291457014
"Density,LCD",SK_GB,0.1627417907525511,0.9874246203109497
"Density,LCD",SK_LR,2.8894592857496546,0.7767257724870248
"Density,PLD",SK_RF,0.20670798438699572,0.9840272656678751
"Density,PLD",XG_RF,0.2842849644093405,0.978032739158122
"Density,PLD",SK_GB,0.18998107612037138,0.9853197869158227
"Density,PLD",SK_LR,3.1117203649103478,0.7595512197945722
"GSA,VSA",SK_RF,0.2243852782219521,0.982661306249452
"GSA,VSA",XG_RF,0.6925970601287607,0.9464816568481648
"GSA,VSA",SK_GB,0.20809375485565823,0.9839201844459915
"GSA,VSA",SK_LR,1.2792867582998115,0.9011469847885871
"GSA,VF",SK_RF,0.23148013980355814,0.9821130722782183
"GSA,VF",XG_RF,0.2849563137956921,0.9779808626647005
"GSA,VF",SK_GB,0.20258623543312895,0.9843457613525922
"GSA,VF",SK_LR,3.895409113837789,0.6989940418857693
"GSA,PV",SK_RF,0.12101139340002103,0.990649210558214
"GSA,PV",XG_RF,0.23532576971697308,0.9818159128572661
"GSA,PV",SK_GB,0.10505281215360662,0.9918823616593799
"GSA,PV",SK_LR,0.6990423715713265,0.9459836148994456
"GSA,LCD",SK_RF,0.46904165640799445,0.963756224556481
"GSA,LCD",XG_RF,0.6488992240543779,0.949858274972398
"GSA,LCD",SK_GB,0.4626821142356302,0.9642476389442434
"GSA,LCD",SK_LR,1.6246869881579196,0.8744572266443172
"GSA,PLD",SK_RF,0.835972837219733,0.9354027272948265
"GSA,PLD",XG_RF,1.0795276109258296,0.9165827687563841
"GSA,PLD",SK_GB,0.7874726529015613,0.9391504323555218
"GSA,PLD",SK_LR,2.1686048690436857,0.8324276174076687
"VSA,VF",SK_RF,0.31327767434514187,0.9757924151825086
"VSA,VF",XG_RF,0.39344536623771476,0.9695976992482542
"VSA,VF",SK_GB,0.30431848724878824,0.9764847092694846
"VSA,VF",SK_LR,4.021089821590081,0.6892824452991446
"VSA,PV",SK_RF,0.13160601700224564,0.9898305430614115
"VSA,PV",XG_RF,0.23657560577336179,0.981719335555975
"VSA,PV",SK_GB,0.1086686877707031,0.9916029558068137
"VSA,PV",SK_LR,1.3939579877569086,0.8922861123404904
"VSA,LCD",SK_RF,1.6833604253035679,0.8699234142390572
"VSA,LCD",XG_RF,2.6128544449201954,0.7980995750068011
"VSA,LCD",SK_GB,1.5798424691278512,0.8779224512259579
"VSA,LCD",SK_LR,3.3353839262880407,0.7422682945304258
"VSA,PLD",SK_RF,1.7787093894826411,0.8625556114026447
"VSA,PLD",XG_RF,3.1865906133630055,0.7537658477807095
"VSA,PLD",SK_GB,1.6280020630537078,0.8742010642577576
"VSA,PLD",SK_LR,3.6193428135818744,0.7203262303114707
"VF,PV",SK_RF,0.06792810685654126,0.994751060982374
"VF,PV",XG_RF,0.10949918495317111,0.9915387816487691
"VF,PV",SK_GB,0.06464837475504259,0.9950044923613947
"VF,PV",SK_LR,0.9292103081608601,0.92819808371244
"VF,LCD",SK_RF,0.29699458662216566,0.9770506415402233
"VF,LCD",XG_RF,0.36533643400343335,0.9717697319748533
"VF,LCD",SK_GB,0.2955960338999309,0.9771587104720934
"VF,LCD",SK_LR,2.850771537697798,0.7797152512116762
"VF,PLD",SK_RF,0.3078245969640866,0.9762137852450072
"VF,PLD",XG_RF,0.3746154403304269,0.9710527248240812
"VF,PLD",SK_GB,0.2954756085515972,0.977168015976675
"VF,PLD",SK_LR,3.041475418217449,0.7649791856035724
"PV,LCD",SK_RF,0.0957794440500671,0.9925989331334867
"PV,LCD",XG_RF,0.22151440870964645,0.9828831440084445
"PV,LCD",SK_GB,0.08830209982662848,0.993176722294099
"PV,LCD",SK_LR,1.3010945110062726,0.8994618566529036
"PV,PLD",SK_RF,0.12158197588871289,0.9906051205220527
"PV,PLD",XG_RF,0.2184834269570974,0.9831173539565631
"PV,PLD",SK_GB,0.10566022917594499,0.9918354253460324
"PV,PLD",SK_LR,1.3463719974011763,0.8959631758275987
"LCD,PLD",SK_RF,2.0101998889884762,0.8446678831662011
"LCD,PLD",XG_RF,2.5350117270859363,0.8041146356022805
"LCD,PLD",SK_GB,1.9883819170565262,0.8463538009616276
"LCD,PLD",SK_LR,2.823334340046781,0.7818353776799272
"Density,GSA,VSA",SK_RF,0.22167789943376962,0.9828705107571942
"Density,GSA,VSA",XG_RF,0.22211767509678432,0.982836528422879
"Density,GSA,VSA",SK_GB,0.19823292265335365,0.9846821504316218
"Density,GSA,VSA",SK_LR,1.225024302592058,0.9053399519436729
"Density,GSA,VF",SK_RF,0.06455570216018472,0.9950116533558861
"Density,GSA,VF",XG_RF,0.08613938519783286,0.9933438395261904
"Density,GSA,VF",SK_GB,0.05635592310940151,0.9956452664828714
"Density,GSA,VF",SK_LR,3.879051911409149,0.7002579952332137
"Density,GSA,PV",SK_RF,0.05563585556779915,0.9957009075243983
"Density,GSA,PV",XG_RF,0.24266557981367426,0.9812487512303433
"Density,GSA,PV",SK_GB,0.052891136457134204,0.9959129973926294
"Density,GSA,PV",SK_LR,0.6990606258705332,0.9459822043536822
"Density,GSA,LCD",SK_RF,0.13462694248509244,0.9895971101811202
"Density,GSA,LCD",XG_RF,0.2528590057664294,0.9804610850685335
"Density,GSA,LCD",SK_GB,0.12328669840901173,0.9904733932450079
"Density,GSA,LCD",SK_LR,1.4690893938416236,0.8864805601604477
"Density,GSA,PLD",SK_RF,0.17365348188980329,0.9865814523793074
"Density,GSA,PLD",XG_RF,0.2744559699713263,0.9787922449768058
"Density,GSA,PLD",SK_GB,0.16867350429904823,0.9869662650863392
"Density,GSA,PLD",SK_LR,2.0934894451618926,0.8382319346113165
"Density,VSA,VF",SK_RF,0.06542362055280987,0.9949445875870022
"Density,VSA,VF",XG_RF,0.08205024711738271,0.9936598153042916
"Density,VSA,VF",SK_GB,0.056342579050251154,0.9956462976046849
"Density,VSA,VF",SK_LR,3.858822270803281,0.7018211795291186
"Density,VSA,PV",SK_RF,0.0559504047307335,0.9956766016891455
"Density,VSA,PV",XG_RF,0.20535657190452067,0.9841316919802873
"Density,VSA,PV",SK_GB,0.05378833247630187,0.9958436692837007
"Density,VSA,PV",SK_LR,1.078892919021734,0.9166318126537301
"Density,VSA,LCD",SK_RF,0.13545877226065065,0.9895328330509747
"Density,VSA,LCD",XG_RF,0.24992842345356725,0.9806875369535953
"Density,VSA,LCD",SK_GB,0.12375332981003287,0.9904373357147599
"Density,VSA,LCD",SK_LR,2.863044252538133,0.7787669142896171
"Density,VSA,PLD",SK_RF,0.17081247615200457,0.9868009825054439
"Density,VSA,PLD",XG_RF,0.27066246412594785,0.9790853766680431
"Density,VSA,PLD",SK_GB,0.15916729506114868,0.987700828654906
"Density,VSA,PLD",SK_LR,2.889480976844702,0.7767240963732569
"Density,VF,PV",SK_RF,0.06378643981587531,0.9950710957770088
"Density,VF,PV",XG_RF,0.09586808007083265,0.9925920840530501
"Density,VF,PV",SK_GB,0.06209507959044855,0.99520179052313
"Density,VF,PV",SK_LR,0.925910135593317,0.9284530945666547
"Density,VF,LCD",SK_RF,0.05340700883375346,0.995873134914915
"Density,VF,LCD",XG_RF,0.08023180655987999,0.993800329798736
"Density,VF,LCD",SK_GB,0.049853015743582224,0.9961477589823687
"Density,VF,LCD",SK_LR,2.808432126655542,0.7829869011499315
"Density,VF,PLD",SK_RF,0.06987686716402954,0.9946004764233847
"Density,VF,PLD",XG_RF,0.11504767697914949,0.9911100387081532
"Density,VF,PLD",SK_GB,0.060102020253385825,0.9953557981556531
"Density,VF,PLD",SK_LR,3.0205416156067737,0.7665967818887524
"Density,PV,LCD",SK_RF,0.047948083410487806,0.9962949568671888
"Density,PV,LCD",XG_RF,0.14402293416273831,0.9888710633411834
"Density,PV,LCD",SK_GB,0.049166171080329946,0.9962008328264492
"Density,PV,LCD",SK_LR,0.915408515578683,0.9292645754925034
"Density,PV,PLD",SK_RF,0.05805212812926171,0.995514197369913
"Density,PV,PLD",XG_RF,0.10980405012038566,0.9915152241149975
"Density,PV,PLD",SK_GB,0.05579305820444526,0.9956887601660904
"Density,PV,PLD",SK_LR,0.9857130196801587,0.9238320075648792
"Density,LCD,PLD",SK_RF,0.14628531157139768,0.9886962449691951
"Density,LCD,PLD",XG_RF,0.2541792089816164,0.9803590703578626
"Density,LCD,PLD",SK_GB,0.1426523339966655,0.9889769723238149
"Density,LCD,PLD",SK_LR,2.4715042137657783,0.8090219866238919
"GSA,VSA,VF",SK_RF,0.06381232624817096,0.9950690954812433
"GSA,VSA,VF",XG_RF,0.09078655180898781,0.9929847437810637
"GSA,VSA,VF",SK_GB,0.06085268169433457,0.9952977930630815
"GSA,VSA,VF",SK_LR,0.9847913767188889,0.9239032247373221
"GSA,VSA,PV",SK_RF,0.07097257927043792,0.9945158085842005
"GSA,VSA,PV",XG_RF,0.08661312060723574,0.9933072330551799
"GSA,VSA,PV",SK_GB,0.07339446352471202,0.994328664803125
"GSA,VSA,PV",SK_LR,0.3691000914888177,0.9714789067253622
"GSA,VSA,LCD",SK_RF,0.1413650923137664,0.9890764400317661
"GSA,VSA,LCD",XG_RF,0.16346720936952944,0.9873685657812568
"GSA,VSA,LCD",SK_GB,0.12592796895912223,0.990269297051427
"GSA,VSA,LCD",SK_LR,0.6331300518782882,0.9510767900604977
"GSA,VSA,PLD",SK_RF,0.171374946267296,0.9867575193284024
"GSA,VSA,PLD",XG_RF,0.2241574083340813,0.9826789142058744
"GSA,VSA,PLD",SK_GB,0.16240674576235564,0.9874505098992671
"GSA,VSA,PLD",SK_LR,0.7837449260565167,0.9394384811734482
"GSA,VF,PV",SK_RF,0.05661999748317923,0.9956248609342964
"GSA,VF,PV",XG_RF,0.07603186836806966,0.994124867320342
"GSA,VF,PV",SK_GB,0.04864222933579556,0.9962413188401645
"GSA,VF,PV",SK_LR,0.6862234523373679,0.9469741581140979
"GSA,VF,LCD",SK_RF,0.1340073366182013,0.9896449883505669
"GSA,VF,LCD",XG_RF,0.15016616080180037,0.9883963640820388
"GSA,VF,LCD",SK_GB,0.12692412457775779,0.9901923221387399
"GSA,VF,LCD",SK_LR,1.4370887631377292,0.8889533121163509
"GSA,VF,PLD",SK_RF,0.1600670755085772,0.9876313008420998
"GSA,VF,PLD",XG_RF,0.1655565308538609,0.9872071197824358
"GSA,VF,PLD",SK_GB,0.15655688278180432,0.9879025403689404
"GSA,VF,PLD",SK_LR,2.104613419788685,0.8373723631150438
"GSA,PV,LCD",SK_RF,0.08754844367200543,0.9932349587941126
"GSA,PV,LCD",XG_RF,0.4206210650677776,0.9674977793105233
"GSA,PV,LCD",SK_GB,0.07913036218363703,0.9938854405817351
"GSA,PV,LCD",SK_LR,0.4809748798003917,0.9628341208093136
"GSA,PV,PLD",SK_RF,0.09932789014381058,0.9923247376934058
"GSA,PV,PLD",XG_RF,0.21923012041758183,0.9830596554776813
"GSA,PV,PLD",SK_GB,0.09246426903923148,0.9928551032561339
"GSA,PV,PLD",SK_LR,0.629647693188322,0.9513458787963245
"GSA,LCD,PLD",SK_RF,0.2698648103066866,0.9791470129545263
"GSA,LCD,PLD",XG_RF,0.602725697635108,0.9534261945806295
"GSA,LCD,PLD",SK_GB,0.28425095590262434,0.9780353670626242
"GSA,LCD,PLD",SK_LR,1.5169183362870051,0.8827847232853888
"VSA,VF,PV",SK_RF,0.05447187192335551,0.9957908508402057
"VSA,VF,PV",XG_RF,0.08311223450486155,0.9935777534407668
"VSA,VF,PV",SK_GB,0.048196659765723265,0.9962757488811248
"VSA,VF,PV",SK_LR,0.8708727615223338,0.9327059411946192
"VSA,VF,LCD",SK_RF,0.28472609103042307,0.9779986524326079
"VSA,VF,LCD",XG_RF,0.31233961399141197,0.9758649009593017
"VSA,VF,LCD",SK_GB,0.28419533571849726,0.9780396649441366
"VSA,VF,LCD",SK_LR,2.72297538245313,0.7895903126053786
"VSA,VF,PLD",SK_RF,0.3013896182010339,0.9767110287671669
"VSA,VF,PLD",XG_RF,0.31207573678762246,0.9758852912721623
"VSA,VF,PLD",SK_GB,0.28818034526701414,0.9777317353834174
"VSA,VF,PLD",SK_LR,2.586286880854335,0.8001525031698526
"VSA,PV,LCD",SK_RF,0.08326913101627506,0.9935656297373604
"VSA,PV,LCD",XG_RF,0.20460353757988314,0.9841898804302694
"VSA,PV,LCD",SK_GB,0.0759281071773048,0.9941328851525462
"VSA,PV,LCD",SK_LR,1.037613655969369,0.9198215428623461
"VSA,PV,PLD",SK_RF,0.09990634857013998,0.9922800390679833
"VSA,PV,PLD",XG_RF,0.20681814662351308,0.9840187532142196
"VSA,PV,PLD",SK_GB,0.0938935593253717,0.9927446591719747
"VSA,PV,PLD",SK_LR,1.183216466820231,0.908570526010586
"VSA,LCD,PLD",SK_RF,0.8885427490699586,0.9313405463474529
"VSA,LCD,PLD",XG_RF,0.9778547601058228,0.9244392308072031
"VSA,LCD,PLD",SK_GB,0.9277468962112588,0.9283111644449465
"VSA,LCD,PLD",SK_LR,2.737448795827273,0.7884719233598456
"VF,PV,LCD",SK_RF,0.046885845582335973,0.9963770380827592
"VF,PV,LCD",XG_RF,0.07385751418147522,0.99429288396406
"VF,PV,LCD",SK_GB,0.04336480354210575,0.996649115957485
"VF,PV,LCD",SK_LR,0.8269715409852078,0.9360982752381013
"VF,PV,PLD",SK_RF,0.060787124878724966,0.9953028587677397
"VF,PV,PLD",XG_RF,0.1079934926075826,0.991655129471004
"VF,PV,PLD",SK_GB,0.05332258031827555,0.9958796588731055
"VF,PV,PLD",SK_LR,0.880334677274523,0.9319748002712009
"VF,LCD,PLD",SK_RF,0.2965449931024629,0.9770853825197212
"VF,LCD,PLD",XG_RF,0.29917415946032994,0.9768822216409883
"VF,LCD,PLD",SK_GB,0.2776241564652788,0.9785474329472531
"VF,LCD,PLD",SK_LR,2.4545746305531697,0.8103301689653265
"PV,LCD,PLD",SK_RF,0.08577273499207216,0.9933721713119549
"PV,LCD,PLD",XG_RF,0.20292039997683356,0.9843199397981146
"PV,LCD,PLD",SK_GB,0.08116400058369061,0.9937282973248455
"PV,LCD,PLD",SK_LR,1.2078170784949653,0.9066695881447673
"Density,GSA,VSA,VF",SK_RF,0.05746960466643939,0.9955592101087363
"Density,GSA,VSA,VF",XG_RF,0.09441945643313368,0.9927040220634797
"Density,GSA,VSA,VF",SK_GB,0.05372196808345,0.9958487973914479
"Density,GSA,VSA,VF",SK_LR,0.9690414172318679,0.9251202552229802
"Density,GSA,VSA,PV",SK_RF,0.05204576169647733,0.9959783211705333
"Density,GSA,VSA,PV",XG_RF,0.06535764949133274,0.9949496853012569
"Density,GSA,VSA,PV",SK_GB,0.052971179453851894,0.9959068123121376
"Density,GSA,VSA,PV",SK_LR,0.35353814587167354,0.972681409007849
"Density,GSA,VSA,LCD",SK_RF,0.12169596518559293,0.9905963123438821
"Density,GSA,VSA,LCD",XG_RF,0.1351313172582187,0.9895581361459427
"Density,GSA,VSA,LCD",SK_GB,0.1208185043441593,0.9906641154766379
"Density,GSA,VSA,LCD",SK_LR,0.6297652055606309,0.9513367983831552
"Density,GSA,VSA,PLD",SK_RF,0.15986328355538235,0.9876470482489407
"Density,GSA,VSA,PLD",XG_RF,0.17029863195523948,0.986840688261694
"Density,GSA,VSA,PLD",SK_GB,0.15917628136561102,0.9877001342654066
"Density,GSA,VSA,PLD",SK_LR,0.7815342412527112,0.9396093051557339
"Density,GSA,VF,PV",SK_RF,0.05091019863819918,0.9960660683714991
"Density,GSA,VF,PV",XG_RF,0.1220016094163095,0.9905726946103347
"Density,GSA,VF,PV",SK_GB,0.047277685750219005,0.9963467598188557
"Density,GSA,VF,PV",SK_LR,0.6784462556050681,0.9475751174704676
"Density,GSA,VF,LCD",SK_RF,0.04654019496174209,0.9964037471890903
"Density,GSA,VF,LCD",XG_RF,0.07238624652463857,0.9944065717225846
"Density,GSA,VF,LCD",SK_GB,0.047814281172434574,0.9963052960304669
"Density,GSA,VF,LCD",SK_LR,1.4093759309531158,0.8910947374095649
"Density,GSA,VF,PLD",SK_RF,0.048732261957509806,0.9962343618416135
"Density,GSA,VF,PLD",XG_RF,0.07432830084485487,0.9942565053484803
"Density,GSA,VF,PLD",SK_GB,0.04938159638898658,0.9961841864872486
"Density,GSA,VF,PLD",SK_LR,2.0822200847484362,0.8391027403545535
"Density,GSA,PV,LCD",SK_RF,0.04141741227217384,0.9967995947282376
"Density,GSA,PV,LCD",XG_RF,0.21029700452084216,0.9837499349915562
"Density,GSA,PV,LCD",SK_GB,0.054367889374053,0.9957988857772214
"Density,GSA,PV,LCD",SK_LR,0.45825311768441557,0.9645898762578151
"Density,GSA,PV,PLD",SK_RF,0.04448005280308115,0.9965629384437692
"Density,GSA,PV,PLD",XG_RF,0.2063801588113637,0.9840525973977663
"Density,GSA,PV,PLD",SK_GB,0.04942654763542318,0.9961807130156294
"Density,GSA,PV,PLD",SK_LR,0.6259716695068468,0.9516299324086556
"Density,GSA,LCD,PLD",SK_RF,0.09647623160358758,0.9925450909826317
"Density,GSA,LCD,PLD",XG_RF,0.303881332332591,0.9765184890935157
"Density,GSA,LCD,PLD",SK_GB,0.09984305869662721,0.9922849296015471
"Density,GSA,LCD,PLD",SK_LR,1.3593694361478659,0.8949588380575092
"Density,VSA,VF,PV",SK_RF,0.048843961032535015,0.9962257306334102
"Density,VSA,VF,PV",XG_RF,0.15198464862104447,0.9882558459355864
"Density,VSA,VF,PV",SK_GB,0.0473460604927521,0.9963414763674169
"Density,VSA,VF,PV",SK_LR,0.8613074723696814,0.9334450699849192
"Density,VSA,VF,LCD",SK_RF,0.04613561712730397,0.9964350097176535
"Density,VSA,VF,LCD",XG_RF,0.07516972101921886,0.9941914871492721
"Density,VSA,VF,LCD",SK_GB,0.04776904992958685,0.996308791137962
"Density,VSA,VF,LCD",SK_LR,2.655882727827872,0.7947746945785487
"Density,VSA,VF,PLD",SK_RF,0.04945033949297689,0.9961788745717923
"Density,VSA,VF,PLD",XG_RF,0.08551931970518238,0.9933917532118277
"Density,VSA,VF,PLD",SK_GB,0.05033328147473802,0.9961106479004948
"Density,VSA,VF,PLD",SK_LR,2.530172785976802,0.8044885501417416
"Density,VSA,PV,LCD",SK_RF,0.04248061079260786,0.9967174392780765
"Density,VSA,PV,LCD",XG_RF,0.17088965463902425,0.9867950187712757
"Density,VSA,PV,LCD",SK_GB,0.05404152112027495,0.9958241048969738
"Density,VSA,PV,LCD",SK_LR,0.9116820029836926,0.9295525304829292
"Density,VSA,PV,PLD",SK_RF,0.04434010756698156,0.9965737522886426
"Density,VSA,PV,PLD",XG_RF,0.17479995376646013,0.9864928622323936
"Density,VSA,PV,PLD",SK_GB,0.05127539707524497,0.9960378487667716
"Density,VSA,PV,PLD",SK_LR,0.9849084173796219,0.9238941807742382
"Density,VSA,LCD,PLD",SK_RF,0.09850038712489095,0.9923886804865176
"Density,VSA,LCD,PLD",XG_RF,0.21620073768860526,0.9832937418660894
"Density,VSA,LCD,PLD",SK_GB,0.10066069378451324,0.9922217493229616
"Density,VSA,LCD,PLD",SK_LR,2.430664484788468,0.8121777531661716
"Density,VF,PV,LCD",SK_RF,0.04484807707449978,0.9965345004812368
"Density,VF,PV,LCD",XG_RF,0.06824271720924652,0.9947267504188667
"Density,VF,PV,LCD",SK_GB,0.041960252007262396,0.9967576484294567
"Density,VF,PV,LCD",SK_LR,0.8224928983039486,0.936444348806224
"Density,VF,PV,PLD",SK_RF,0.05797973476034032,0.9955197913485521
"Density,VF,PV,PLD",XG_RF,0.08366004949802193,0.9935354226939654
"Density,VF,PV,PLD",SK_GB,0.05194613069356589,0.9959860198549623
"Density,VF,PV,PLD",SK_LR,0.8776872639093389,0.9321793711322386
"Density,VF,LCD,PLD",SK_RF,0.044654687219104615,0.9965494440974301
"Density,VF,LCD,PLD",XG_RF,0.07582608021803655,0.9941407689772563
"Density,VF,LCD,PLD",SK_GB,0.046457609962415755,0.9964101286951457
"Density,VF,LCD,PLD",SK_LR,2.4297923161710044,0.8122451473583258
"Density,PV,LCD,PLD",SK_RF,0.040884653455675456,0.9968407620545229
"Density,PV,LCD,PLD",XG_RF,0.10325272523817955,0.9920214579316411
"Density,PV,LCD,PLD",SK_GB,0.04609073345424481,0.9964384779677444
"Density,PV,LCD,PLD",SK_LR,0.8997979069927186,0.930470838058731
"GSA,VSA,VF,PV",SK_RF,0.05303997414352838,0.9959014964105535
"GSA,VSA,VF,PV",XG_RF,0.06144702576328862,0.9952518669226693
"GSA,VSA,VF,PV",SK_GB,0.04762021188649331,0.9963202921476008
"GSA,VSA,VF,PV",SK_LR,0.25486094349241206,0.9803063913853581
"GSA,VSA,VF,LCD",SK_RF,0.050022443627421226,0.9961346669550576
"GSA,VSA,VF,LCD",XG_RF,0.05848962990890855,0.9954803907430579
"GSA,VSA,VF,LCD",SK_GB,0.048601510936384755,0.9962444652313316
"GSA,VSA,VF,LCD",SK_LR,0.6190336874283381,0.952166043990749
"GSA,VSA,VF,PLD",SK_RF,0.05353090425009376,0.9958635612713228
"GSA,VSA,VF,PLD",XG_RF,0.06154660579241669,0.9952441721770853
"GSA,VSA,VF,PLD",SK_GB,0.05121568934845884,0.9960424625007807
"GSA,VSA,VF,PLD",SK_LR,0.7053027764287261,0.9454998610478693
"GSA,VSA,PV,LCD",SK_RF,0.053726801260347894,0.9958484239223204
"GSA,VSA,PV,LCD",XG_RF,0.09324812386678455,0.9927945332450016
"GSA,VSA,PV,LCD",SK_GB,0.06888900032367627,0.9946768108457983
"GSA,VSA,PV,LCD",SK_LR,0.21254276657773002,0.983576400520625
"GSA,VSA,PV,PLD",SK_RF,0.054973447214399264,0.9957520931265395
"GSA,VSA,PV,PLD",XG_RF,0.08680910698838219,0.9932920888003122
"GSA,VSA,PV,PLD",SK_GB,0.0672644071089727,0.994802346373094
"GSA,VSA,PV,PLD",SK_LR,0.30192692191179654,0.9766695102479228
"GSA,VSA,LCD,PLD",SK_RF,0.10255166157521045,0.9920756305059213
"GSA,VSA,LCD,PLD",XG_RF,0.13665811625834803,0.9894401573708125
"GSA,VSA,LCD,PLD",SK_GB,0.10467431592678118,0.9919116088105953
"GSA,VSA,LCD,PLD",SK_LR,0.57673236456781,0.9554347507799541
"GSA,VF,PV,LCD",SK_RF,0.04012282072029061,0.9968996303750858
"GSA,VF,PV,LCD",XG_RF,0.06715727671144506,0.9948106245505609
"GSA,VF,PV,LCD",SK_GB,0.04121586688295895,0.9968151685386414
"GSA,VF,PV,LCD",SK_LR,0.47106558049362063,0.963599831943859
"GSA,VF,PV,PLD",SK_RF,0.04358134003563941,0.9966323837548335
"GSA,VF,PV,PLD",XG_RF,0.08593041506501038,0.9933599870612014
"GSA,VF,PV,PLD",SK_GB,0.04351729836657454,0.9966373323811248
"GSA,VF,PV,PLD",SK_LR,0.6288920238545883,0.9514042708586653
"GSA,VF,LCD,PLD",SK_RF,0.09727124835448156,0.9924836584676309
"GSA,VF,LCD,PLD",XG_RF,0.13444886707527143,0.9896108704198482
"GSA,VF,LCD,PLD",SK_GB,0.0980402570716361,0.9924242356447796
"GSA,VF,LCD,PLD",SK_LR,1.3253523226180437,0.8975874076251962
"GSA,PV,LCD,PLD",SK_RF,0.0652110245882828,0.9949610152971922
"GSA,PV,LCD,PLD",XG_RF,0.2706988984194363,0.9790825613182045
"GSA,PV,LCD,PLD",SK_GB,0.06830935073543482,0.9947216015146549
"GSA,PV,LCD,PLD",SK_LR,0.48072149345233434,0.9628537004730258
"VSA,VF,PV,LCD",SK_RF,0.04260391853928471,0.9967079110448803
"VSA,VF,PV,LCD",XG_RF,0.07036631973912012,0.99456265545593
"VSA,VF,PV,LCD",SK_GB,0.04069225341344134,0.9968556291858977
"VSA,VF,PV,LCD",SK_LR,0.8124172565778361,0.937222913548143
"VSA,VF,PV,PLD",SK_RF,0.04353631249336796,0.9966358631219826
"VSA,VF,PV,PLD",XG_RF,0.07668908125429291,0.9940740831822139
"VSA,VF,PV,PLD",SK_GB,0.04285733661507806,0.9966883289295033
"VSA,VF,PV,PLD",SK_LR,0.8341916712844565,0.9355403615055706
"VSA,VF,LCD,PLD",SK_RF,0.26138494115302224,0.9798022691971158
"VSA,VF,LCD,PLD",XG_RF,0.2960810210542258,0.9771212345565257
"VSA,VF,LCD,PLD",SK_GB,0.273811778713011,0.9788420229080196
"VSA,VF,LCD,PLD",SK_LR,2.327736152711141,0.8201312287341106
"VSA,PV,LCD,PLD",SK_RF,0.06254379717015482,0.995167117229246
"VSA,PV,LCD,PLD",XG_RF,0.1867301293663458,0.9855709939941749
"VSA,PV,LCD,PLD",SK_GB,0.06736324400595853,0.9947947090507987
"VSA,PV,LCD,PLD",SK_LR,1.0139744184959858,0.9216481934443065
"VF,PV,LCD,PLD",SK_RF,0.042451546542419206,0.9967196851301088
"VF,PV,LCD,PLD",XG_RF,0.08167699625938236,0.993688657135495
"VF,PV,LCD,PLD",SK_GB,0.04017677664170197,0.9968954610944414
"VF,PV,LCD,PLD",SK_LR,0.8197236169090535,0.9366583366506835
"Density,GSA,VSA,VF,PV",SK_RF,0.048590795885658775,0.9962452932044701
"Density,GSA,VSA,VF,PV",XG_RF,0.05736536831370422,0.9955672646576446
"Density,GSA,VSA,VF,PV",SK_GB,0.048416016283377904,0.9962587987696382
"Density,GSA,VSA,VF,PV",SK_LR,0.24470063114360427,0.9810914987935707
"Density,GSA,VSA,VF,LCD",SK_RF,0.04353706350271999,0.9966358050900063
"Density,GSA,VSA,VF,LCD",XG_RF,0.05970169214917015,0.9953867322991661
"Density,GSA,VSA,VF,LCD",SK_GB,0.04506426032943899,0.9965177955740294
"Density,GSA,VSA,VF,LCD",SK_LR,0.5977814408841636,0.953808247067798
"Density,GSA,VSA,VF,PLD",SK_RF,0.04742136471116285,0.996335657461687
"Density,GSA,VSA,VF,PLD",XG_RF,0.12837437023133708,0.9900802587919386
"Density,GSA,VSA,VF,PLD",SK_GB,0.04858482121812342,0.9962457548788343
"Density,GSA,VSA,VF,PLD",SK_LR,0.6867640193872345,0.9469323874301941
"Density,GSA,VSA,PV,LCD",SK_RF,0.04210039954520019,0.9967468189523205
"Density,GSA,VSA,PV,LCD",XG_RF,0.07130158614087588,0.9944903855733258
"Density,GSA,VSA,PV,LCD",SK_GB,0.04844722017138883,0.9962563875835643
"Density,GSA,VSA,PV,LCD",SK_LR,0.21233325258470612,0.9835925900807881
"Density,GSA,VSA,PV,PLD",SK_RF,0.0451686100425496,0.996509732265541
"Density,GSA,VSA,PV,PLD",XG_RF,0.061341896432904976,0.9952599904737248
"Density,GSA,VSA,PV,PLD",SK_GB,0.050103997801026395,0.9961283651029422
"Density,GSA,VSA,PV,PLD",SK_LR,0.2977653170485508,0.9769910856774982
"Density,GSA,VSA,LCD,PLD",SK_RF,0.09302616483172091,0.9928116844581499
"Density,GSA,VSA,LCD,PLD",XG_RF,0.14238272744237745,0.9889978053549077
"Density,GSA,VSA,LCD,PLD",SK_GB,0.09852402684411435,0.99238685379871
"Density,GSA,VSA,LCD,PLD",SK_LR,0.5720424353303565,0.955797150877698
"Density,GSA,VF,PV,LCD",SK_RF,0.03781002276969517,0.9970783448419619
"Density,GSA,VF,PV,LCD",XG_RF,0.06481232477670136,0.9949918236193165
"Density,GSA,VF,PV,LCD",SK_GB,0.041739619956002096,0.996774697103945
"Density,GSA,VF,PV,LCD",SK_LR,0.4581033253394506,0.9646014510082449
"Density,GSA,VF,PV,PLD",SK_RF,0.04089533912185818,0.996839936351986
"Density,GSA,VF,PV,PLD",XG_RF,0.06648015541587236,0.9948629470508111
"Density,GSA,VF,PV,PLD",SK_GB,0.04397007865861625,0.9966023451534323
"Density,GSA,VF,PV,PLD",SK_LR,0.619302039108453,0.9521453079262628
"Density,GSA,VF,LCD,PLD",SK_RF,0.04150177062343976,0.9967930761917744
"Density,GSA,VF,LCD,PLD",XG_RF,0.0995442328311727,0.9923080204665402
"Density,GSA,VF,LCD,PLD",SK_GB,0.04531651554566681,0.9964983033151085
"Density,GSA,VF,LCD,PLD",SK_LR,1.2977584471695167,0.8997196408963982
"Density,GSA,PV,LCD,PLD",SK_RF,0.039449028698286114,0.99695169561579
"Density,GSA,PV,LCD,PLD",XG_RF,0.18824448956106185,0.9854539763901135
"Density,GSA,PV,LCD,PLD",SK_GB,0.04535725888933182,0.9964951549964497
"Density,GSA,PV,LCD,PLD",SK_LR,0.457453558346343,0.9646516597875016
"Density,VSA,VF,PV,LCD",SK_RF,0.038237687030197545,0.9970452983796464
"Density,VSA,VF,PV,LCD",XG_RF,0.06915338025187308,0.9946563816864296
"Density,VSA,VF,PV,LCD",SK_GB,0.03967214868860455,0.9969344546933355
"Density,VSA,VF,PV,LCD",SK_LR,0.8047106561227972,0.9378184177906967
"Density,VSA,VF,PV,PLD",SK_RF,0.040967830882022396,0.9968343347704611
"Density,VSA,VF,PV,PLD",XG_RF,0.06857501487270501,0.994701073121914
"Density,VSA,VF,PV,PLD",SK_GB,0.04285678592573349,0.9966883714823569
"Density,VSA,VF,PV,PLD",SK_LR,0.8263491621902632,0.936146367677177
"Density,VSA,VF,LCD,PLD",SK_RF,0.043558563599505336,0.9966341437350514
"Density,VSA,VF,LCD,PLD",XG_RF,0.10606977456848832,0.9918037789644403
"Density,VSA,VF,LCD,PLD",SK_GB,0.04430969261193601,0.9965761025123077
"Density,VSA,VF,LCD,PLD",SK_LR,2.2835313760080367,0.8235470191622524
"Density,VSA,PV,LCD,PLD",SK_RF,0.039575783517306645,0.9969419010205036
"Density,VSA,PV,LCD,PLD",XG_RF,0.18172906782375972,0.9859574358998189
"Density,VSA,PV,LCD,PLD",SK_GB,0.04631580904343394,0.9964210859323016
"Density,VSA,PV,LCD,PLD",SK_LR,0.8978189830225469,0.9306237534235282
"Density,VF,PV,LCD,PLD",SK_RF,0.03671405059331132,0.9971630327772668
"Density,VF,PV,LCD,PLD",XG_RF,0.08477487758165392,0.9934492777254551
"Density,VF,PV,LCD,PLD",SK_GB,0.03875662969676111,0.9970051986545622
"Density,VF,PV,LCD,PLD",SK_LR,0.815741664533291,0.9369660299776242
"GSA,VSA,VF,PV,LCD",SK_RF,0.041215803944591574,0.9968151734020134
"GSA,VSA,VF,PV,LCD",XG_RF,0.05909245959211227,0.9954338089024682
"GSA,VSA,VF,PV,LCD",SK_GB,0.04213690571858944,0.99674399804818
"GSA,VSA,VF,PV,LCD",SK_LR,0.18852310971990494,0.9854324468599892
"GSA,VSA,VF,PV,PLD",SK_RF,0.0437601583563825,0.9966185661099108
"GSA,VSA,VF,PV,PLD",XG_RF,0.05565266131141812,0.9956996089113869
"GSA,VSA,VF,PV,PLD",SK_GB,0.04420070812042208,0.9965845239592801
"GSA,VSA,VF,PV,PLD",SK_LR,0.23220001293011788,0.982057446259526
"GSA,VSA,VF,LCD,PLD",SK_RF,0.04787473353680759,0.9963006247568402
"GSA,VSA,VF,LCD,PLD",XG_RF,0.06744845656868231,0.9947881245077285
"GSA,VSA,VF,LCD,PLD",SK_GB,0.04683197107506689,0.996381201072372
"GSA,VSA,VF,LCD,PLD",SK_LR,0.5665261752992032,0.9562234031883953
"GSA,VSA,PV,LCD,PLD",SK_RF,0.0507345721122912,0.9960796393801291
"GSA,VSA,PV,LCD,PLD",XG_RF,0.09743641183971928,0.9924708959588247
"GSA,VSA,PV,LCD,PLD",SK_GB,0.05596591806615658,0.9956754029430688
"GSA,VSA,PV,LCD,PLD",SK_LR,0.2097418104401729,0.9837928359350276
"GSA,VF,PV,LCD,PLD",SK_RF,0.03842934345448389,0.9970304887090996
"GSA,VF,PV,LCD,PLD",XG_RF,0.07798550299393137,0.9939739061131421
"GSA,VF,PV,LCD,PLD",SK_GB,0.03847784647404158,0.9970267407849543
"GSA,VF,PV,LCD,PLD",SK_LR,0.47027854493461546,0.9636606477363946
"VSA,VF,PV,LCD,PLD",SK_RF,0.037944282691956197,0.9970679703125208
"VSA,VF,PV,LCD,PLD",XG_RF,0.0718341164690275,0.9944492359027866
"VSA,VF,PV,LCD,PLD",SK_GB,0.03828961602878486,0.9970412857233331
"VSA,VF,PV,LCD,PLD",SK_LR,0.8036093056869629,0.9379035213147349
"Density,GSA,VSA,VF,PV,LCD",SK_RF,0.03829031120213683,0.9970412320059148
"Density,GSA,VSA,VF,PV,LCD",XG_RF,0.04861104627791208,0.9962437284166534
"Density,GSA,VSA,VF,PV,LCD",SK_GB,0.040630640857618305,0.9968603901098096
"Density,GSA,VSA,VF,PV,LCD",SK_LR,0.17546470964538197,0.9864414952323175
"Density,GSA,VSA,VF,PV,PLD",SK_RF,0.040925588961526704,0.9968375988871123
"Density,GSA,VSA,VF,PV,PLD",XG_RF,0.051585968873136726,0.9960138502703734
"Density,GSA,VSA,VF,PV,PLD",SK_GB,0.042851603048506534,0.9966887719735197
"Density,GSA,VSA,VF,PV,PLD",SK_LR,0.2208449500277738,0.9829348744033956
"Density,GSA,VSA,VF,LCD,PLD",SK_RF,0.03925461433431178,0.9969667183977852
"Density,GSA,VSA,VF,LCD,PLD",XG_RF,0.054080744622869936,0.9958210740194372
"Density,GSA,VSA,VF,LCD,PLD",SK_GB,0.0440793095092975,0.9965939046698004
"Density,GSA,VSA,VF,LCD,PLD",SK_LR,0.5451442017435747,0.9578756305279119
"Density,GSA,VSA,PV,LCD,PLD",SK_RF,0.040627022425268104,0.9968606697132261
"Density,GSA,VSA,PV,LCD,PLD",XG_RF,0.0539694861131281,0.9958296711842906
"Density,GSA,VSA,PV,LCD,PLD",SK_GB,0.0467414694514625,0.9963881943116257
"Density,GSA,VSA,PV,LCD,PLD",SK_LR,0.20941730107484352,0.9838179114147971
"Density,GSA,VF,PV,LCD,PLD",SK_RF,0.03525447046693876,0.9972758174172223
"Density,GSA,VF,PV,LCD,PLD",XG_RF,0.0567309753647102,0.9956162854541392
"Density,GSA,VF,PV,LCD,PLD",SK_GB,0.03889114793838719,0.9969948041642734
"Density,GSA,VF,PV,LCD,PLD",SK_LR,0.4572093956964096,0.964670526717837
"Density,VSA,VF,PV,LCD,PLD",SK_RF,0.034882568261393264,0.997304555035386
"Density,VSA,VF,PV,LCD,PLD",XG_RF,0.06824072213812872,0.9947269045819536
"Density,VSA,VF,PV,LCD,PLD",SK_GB,0.04025552040855714,0.9968893764080079
"Density,VSA,VF,PV,LCD,PLD",SK_LR,0.7964481353469555,0.9384568790947317
"GSA,VSA,VF,PV,LCD,PLD",SK_RF,0.03748000263346063,0.9971038461498865
"GSA,VSA,VF,PV,LCD,PLD",XG_RF,0.06149176009883754,0.995248410212183
"GSA,VSA,VF,PV,LCD,PLD",SK_GB,0.04006795685579021,0.9969038698142865
"GSA,VSA,VF,PV,LCD,PLD",SK_LR,0.18705915265390158,0.9855455697147172
"Density,GSA,VSA,VF,PV,LCD,PLD",SK_RF,0.034931831715449266,0.9973007483509647
"Density,GSA,VSA,VF,PV,LCD,PLD",XG_RF,0.1148184531249061,0.991127751288232
"Density,GSA,VSA,VF,PV,LCD,PLD",SK_GB,0.039389151434745605,0.9969563224502391
"Density,GSA,VSA,VF,PV,LCD,PLD",SK_LR,0.17385645035660235,0.9865657686048872
