Features,Model,MSE,R²
Density,SK_RF,0.23788728651415733,0.9816179793937376
Density,XG_RF,0.345737096,0.9732842115637047
Density,SK_GB,0.246489614,0.9809532605718361
Density,SK_LR,6.310490403470054,0.5123759393282921
GSA,SK_RF,2.4685374400030433,0.8092512350937864
GSA,XG_RF,2.1460696676308553,0.8341689569420631
GSA,SK_GB,2.1223720773278694,0.8360001165624504
GSA,SK_LR,3.899292919613346,0.6986939325405279
VSA,SK_RF,12.143880322476823,0.061618375665199676
VSA,XG_RF,11.172542646795707,0.13667555686915045
VSA,SK_GB,11.158464080278495,0.13776343551797698
VSA,SK_LR,11.706326855319581,0.095428997
VF,SK_RF,0.3847242017584367,0.9702716008573642
VF,XG_RF,0.4085421290155495,0.9684311425627902
VF,SK_GB,0.39820678598841763,0.9692297749373127
VF,SK_LR,5.709746388766966,0.5587966161924327
PV,SK_RF,0.12640899864390628,0.9902321269373469
PV,XG_RF,0.25653880612697844,0.98017674
PV,SK_GB,0.1360115774337794,0.9894901167031085
PV,SK_LR,1.726845952422229,0.8665632016472765
LCD,SK_RF,3.792442971169368,0.7069504391527818
LCD,XG_RF,3.575364408692253,0.7237245285423577
LCD,SK_GB,3.550894952749424,0.7256153317456568
LCD,SK_LR,3.627023146448049,0.7197327558174036
PLD,SK_RF,3.5671166879584177,0.7243618462179076
PLD,XG_RF,3.3093463713860043,0.7442802678382865
PLD,SK_GB,3.2912079854037444,0.7456818567578793
PLD,SK_LR,3.645124614405311,0.7183340196265389
"Density,GSA",SK_RF,0.27086715557768015,0.9790695597551731
"Density,GSA",XG_RF,2.1460696676308553,0.8341689569420631
"Density,GSA",SK_GB,0.2227141005491438,0.982790441
"Density,GSA",SK_LR,3.89588923,0.6989569423886571
"Density,VSA",SK_RF,0.26797142349955405,0.9792933186937457
"Density,VSA",XG_RF,11.172542646795707,0.13667555686915045
"Density,VSA",SK_GB,0.22171113859522873,0.982867942
"Density,VSA",SK_LR,5.405816230023776,0.5822819
"Density,VF",SK_RF,0.07420196,0.9942662679190536
"Density,VF",XG_RF,0.4085421290155495,0.9684311425627902
"Density,VF",SK_GB,0.087248019,0.9932581732151857
"Density,VF",SK_LR,5.622378866,0.5655476772859263
"Density,PV",SK_RF,0.066281923,0.9948782648883383
"Density,PV",XG_RF,0.25653880612697844,0.98017674
"Density,PV",SK_GB,0.13275862517095582,0.9897414787510878
"Density,PV",SK_LR,1.0794938535698584,0.916585377
"Density,LCD",SK_RF,0.17415950687392434,0.986542351
"Density,LCD",XG_RF,3.575364408692253,0.7237245285423577
"Density,LCD",SK_GB,0.18247520268318407,0.9858997805851446
"Density,LCD",SK_LR,2.8894592857496546,0.7767257724870248
"Density,PLD",SK_RF,0.20669140248833567,0.9840285469839443
"Density,PLD",XG_RF,3.3093463713860043,0.7442802678382865
"Density,PLD",SK_GB,0.20824976704976367,0.9839081290755306
"Density,PLD",SK_LR,3.1117203649103478,0.7595512197945722
"GSA,VSA",SK_RF,0.23944021818283145,0.9814979812956804
"GSA,VSA",XG_RF,11.172542646795707,0.13667555686915045
"GSA,VSA",SK_GB,0.2834291375360603,0.9780988705914178
"GSA,VSA",SK_LR,1.2792867582998115,0.9011469847885871
"GSA,VF",SK_RF,0.2729807429186042,0.9789062386856728
"GSA,VF",XG_RF,0.4085421290155495,0.9684311425627902
"GSA,VF",SK_GB,0.23896453233658058,0.9815347384807996
"GSA,VF",SK_LR,3.895409113837789,0.6989940418857693
"GSA,PV",SK_RF,0.13260647716151167,0.9897532355283657
"GSA,PV",XG_RF,0.25653880612697844,0.98017674
"GSA,PV",SK_GB,0.13034523734877884,0.9899279659960692
"GSA,PV",SK_LR,0.6990423715713265,0.9459836148994456
"GSA,LCD",SK_RF,0.5190134996565281,0.9598948015027828
"GSA,LCD",XG_RF,3.575364408692253,0.7237245285423577
"GSA,LCD",SK_GB,0.5142222675828108,0.9602650294708219
"GSA,LCD",SK_LR,1.6246869881579196,0.8744572266443172
"GSA,PLD",SK_RF,0.9566945820836507,0.9260743195676637
"GSA,PLD",XG_RF,3.3093463713860043,0.7442802678382865
"GSA,PLD",SK_GB,0.8336407460215784,0.9355829325890579
"GSA,PLD",SK_LR,2.1686048690436857,0.8324276174076687
"VSA,VF",SK_RF,0.3875537215318828,0.9700529582743853
"VSA,VF",XG_RF,0.4085421290155495,0.9684311425627902
"VSA,VF",SK_GB,0.34652268477351217,0.9732235075468609
"VSA,VF",SK_LR,4.021089821590081,0.6892824452991446
"VSA,PV",SK_RF,0.13746807613897913,0.9893775701706549
"VSA,PV",XG_RF,0.25653880612697844,0.98017674
"VSA,PV",SK_GB,0.13028263630747886,0.989932803
"VSA,PV",SK_LR,1.3939579877569086,0.8922861123404904
"VSA,LCD",SK_RF,1.947833505524525,0.8494870568293729
"VSA,LCD",XG_RF,3.575364408692253,0.7237245285423577
"VSA,LCD",SK_GB,1.718795117909159,0.8671853055355734
"VSA,LCD",SK_LR,3.3353839262880407,0.7422682945304258
"VSA,PLD",SK_RF,2.0295458856301734,0.8431729797851615
"VSA,PLD",XG_RF,3.3093463713860043,0.7442802678382865
"VSA,PLD",SK_GB,1.8230292609574095,0.8591309273741117
"VSA,PLD",SK_LR,3.6193428135818744,0.7203262303114707
"VF,PV",SK_RF,0.067904397,0.9947528930598305
"VF,PV",XG_RF,0.25653880612697844,0.98017674
"VF,PV",SK_GB,0.080758836,0.9937596052205628
"VF,PV",SK_LR,0.9292103081608601,0.928198084
"VF,LCD",SK_RF,0.3262964336340079,0.9747864299320036
"VF,LCD",XG_RF,3.575364408692253,0.7237245285423577
"VF,LCD",SK_GB,0.3369838805026968,0.9739605897980169
"VF,LCD",SK_LR,2.850771537697798,0.7797152512116762
"VF,PLD",SK_RF,0.3281425502598055,0.9746437768530843
"VF,PLD",XG_RF,3.3093463713860043,0.7442802678382865
"VF,PLD",SK_GB,0.34239969776733076,0.9735420988983263
"VF,PLD",SK_LR,3.041475418217449,0.7649791856035724
"PV,LCD",SK_RF,0.099321013,0.9923252691420913
"PV,LCD",XG_RF,3.575364408692253,0.7237245285423577
"PV,LCD",SK_GB,0.10687614918816767,0.9917414688044796
"PV,LCD",SK_LR,1.3010945110062726,0.8994618566529036
"PV,PLD",SK_RF,0.11989964874202581,0.9907351172643336
"PV,PLD",XG_RF,3.3093463713860043,0.7442802678382865
"PV,PLD",SK_GB,0.12290548959645108,0.9905028500030821
"PV,PLD",SK_LR,1.3463719974011763,0.8959631758275987
"LCD,PLD",SK_RF,2.1356696798704866,0.8349725845428368
"LCD,PLD",XG_RF,3.3093463713860043,0.7442802678382865
"LCD,PLD",SK_GB,2.2788455671733012,0.8239091008683379
"LCD,PLD",SK_LR,2.823334340046781,0.7818353776799272
"Density,GSA,VSA",SK_RF,0.24076960394703045,0.9813952570313061
"Density,GSA,VSA",XG_RF,11.172542646795707,0.13667555686915045
"Density,GSA,VSA",SK_GB,0.22095272843573538,0.9829265461528821
"Density,GSA,VSA",SK_LR,1.225024302592058,0.9053399519436729
"Density,GSA,VF",SK_RF,0.068314392,0.9947212119764876
"Density,GSA,VF",XG_RF,0.4085421290155495,0.9684311425627902
"Density,GSA,VF",SK_GB,0.085406617,0.9934004619673711
"Density,GSA,VF",SK_LR,3.879051911409149,0.7002579952332137
"Density,GSA,PV",SK_RF,0.058597669,0.9954720423550141
"Density,GSA,PV",XG_RF,0.25653880612697844,0.98017674
"Density,GSA,PV",SK_GB,0.12948425129464258,0.9899944960894624
"Density,GSA,PV",SK_LR,0.6990606258705332,0.9459822043536822
"Density,GSA,LCD",SK_RF,0.13672682890538612,0.9894348478088251
"Density,GSA,LCD",XG_RF,3.575364408692253,0.7237245285423577
"Density,GSA,LCD",SK_GB,0.16273352340763966,0.9874252591450242
"Density,GSA,LCD",SK_LR,1.4690893938416236,0.8864805601604477
"Density,GSA,PLD",SK_RF,0.1789265296476625,0.9861739935614651
"Density,GSA,PLD",XG_RF,3.3093463713860043,0.7442802678382865
"Density,GSA,PLD",SK_GB,0.1943511805583415,0.9849821003121904
"Density,GSA,PLD",SK_LR,2.0934894451618926,0.8382319346113165
"Density,VSA,VF",SK_RF,0.068833338,0.9946811119810746
"Density,VSA,VF",XG_RF,0.4085421290155495,0.9684311425627902
"Density,VSA,VF",SK_GB,0.084875819,0.9934414777959576
"Density,VSA,VF",SK_LR,3.858822270803281,0.7018211795291186
"Density,VSA,PV",SK_RF,0.059668959,0.9953892616667706
"Density,VSA,PV",XG_RF,0.25653880612697844,0.98017674
"Density,VSA,PV",SK_GB,0.12891048284758092,0.9900388323109212
"Density,VSA,PV",SK_LR,1.078892919021734,0.9166318126537301
"Density,VSA,LCD",SK_RF,0.1363256721091062,0.989465846
"Density,VSA,LCD",XG_RF,3.575364408692253,0.7237245285423577
"Density,VSA,LCD",SK_GB,0.16395285587920388,0.9873310389159964
"Density,VSA,LCD",SK_LR,2.863044252538133,0.7787669142896171
"Density,VSA,PLD",SK_RF,0.17784194871050532,0.986257801
"Density,VSA,PLD",XG_RF,3.3093463713860043,0.7442802678382865
"Density,VSA,PLD",SK_GB,0.1939826670140619,0.9850105760818033
"Density,VSA,PLD",SK_LR,2.889480976844702,0.7767240963732569
"Density,VF,PV",SK_RF,0.064978573,0.9949789773246789
"Density,VF,PV",XG_RF,0.25653880612697844,0.98017674
"Density,VF,PV",SK_GB,0.080507314,0.993779041
"Density,VF,PV",SK_LR,0.925910136,0.9284530945666547
"Density,VF,LCD",SK_RF,0.05856202,0.9954747969986859
"Density,VF,LCD",XG_RF,3.575364408692253,0.7237245285423577
"Density,VF,LCD",SK_GB,0.074642582,0.9942322202577036
"Density,VF,LCD",SK_LR,2.808432126655542,0.7829869011499315
"Density,VF,PLD",SK_RF,0.071262365,0.994493416
"Density,VF,PLD",XG_RF,3.3093463713860043,0.7442802678382865
"Density,VF,PLD",SK_GB,0.083517494,0.9935464382423258
"Density,VF,PLD",SK_LR,3.0205416156067737,0.7665967818887524
"Density,PV,LCD",SK_RF,0.051832717,0.9959947835659025
"Density,PV,LCD",XG_RF,3.575364408692253,0.7237245285423577
"Density,PV,LCD",SK_GB,0.10691900969740628,0.9917381568882542
"Density,PV,LCD",SK_LR,0.915408516,0.9292645754925034
"Density,PV,PLD",SK_RF,0.064512224,0.9950150130301605
"Density,PV,PLD",XG_RF,3.3093463713860043,0.7442802678382865
"Density,PV,PLD",SK_GB,0.12117987577454822,0.9906361915922753
"Density,PV,PLD",SK_LR,0.9857130196801587,0.9238320075648792
"Density,LCD,PLD",SK_RF,0.14629517392180774,0.9886954828858945
"Density,LCD,PLD",XG_RF,3.3093463713860043,0.7442802678382865
"Density,LCD,PLD",SK_GB,0.17216867607573316,0.9866961862579878
"Density,LCD,PLD",SK_LR,2.4715042137657783,0.8090219866238919
"GSA,VSA,VF",SK_RF,0.066069686,0.9948946648593061
"GSA,VSA,VF",XG_RF,0.4085421290155495,0.9684311425627902
"GSA,VSA,VF",SK_GB,0.14642639861526555,0.9886853428945795
"GSA,VSA,VF",SK_LR,0.9847913767188889,0.9239032247373221
"GSA,VSA,PV",SK_RF,0.05639967,0.9956418860411298
"GSA,VSA,PV",XG_RF,0.25653880612697844,0.98017674
"GSA,VSA,PV",SK_GB,0.12914875787237584,0.9900204203290119
"GSA,VSA,PV",SK_LR,0.3691000914888177,0.9714789067253622
"GSA,VSA,LCD",SK_RF,0.13050461215598255,0.9899156507898509
"GSA,VSA,LCD",XG_RF,3.575364408692253,0.7237245285423577
"GSA,VSA,LCD",SK_GB,0.19920590133377086,0.9846069664467398
"GSA,VSA,LCD",SK_LR,0.6331300518782882,0.9510767900604977
"GSA,VSA,PLD",SK_RF,0.17013827330422107,0.9868530794914676
"GSA,VSA,PLD",XG_RF,3.3093463713860043,0.7442802678382865
"GSA,VSA,PLD",SK_GB,0.23879088408255922,0.9815481566244526
"GSA,VSA,PLD",SK_LR,0.7837449260565167,0.9394384811734482
"GSA,VF,PV",SK_RF,0.057002451,0.9955953080251392
"GSA,VF,PV",XG_RF,0.25653880612697844,0.98017674
"GSA,VF,PV",SK_GB,0.077627959,0.9940015342377894
"GSA,VF,PV",SK_LR,0.6862234523373679,0.9469741581140979
"GSA,VF,LCD",SK_RF,0.1439976757251078,0.9888730151105604
"GSA,VF,LCD",XG_RF,3.575364408692253,0.7237245285423577
"GSA,VF,LCD",SK_GB,0.1912956670798109,0.9852182058752412
"GSA,VF,LCD",SK_LR,1.4370887631377292,0.8889533121163509
"GSA,VF,PLD",SK_RF,0.1712077667437883,0.9867704376204687
"GSA,VF,PLD",XG_RF,3.3093463713860043,0.7442802678382865
"GSA,VF,PLD",SK_GB,0.21635911078618167,0.983281504
"GSA,VF,PLD",SK_LR,2.104613419788685,0.8373723631150438
"GSA,PV,LCD",SK_RF,0.081219352,0.9937240201889413
"GSA,PV,LCD",XG_RF,3.575364408692253,0.7237245285423577
"GSA,PV,LCD",SK_GB,0.10492746475475373,0.9918920475005294
"GSA,PV,LCD",SK_LR,0.4809748798003917,0.9628341208093136
"GSA,PV,PLD",SK_RF,0.097073355,0.99249895
"GSA,PV,PLD",XG_RF,3.3093463713860043,0.7442802678382865
"GSA,PV,PLD",SK_GB,0.11965620212265789,0.9907539288655727
"GSA,PV,PLD",SK_LR,0.629647693,0.9513458787963245
"GSA,LCD,PLD",SK_RF,0.2668533680679579,0.9793797130458093
"GSA,LCD,PLD",XG_RF,3.3093463713860043,0.7442802678382865
"GSA,LCD,PLD",SK_GB,0.36918679835684487,0.9714722067143691
"GSA,LCD,PLD",SK_LR,1.5169183362870051,0.8827847232853888
"VSA,VF,PV",SK_RF,0.056958724,0.9955986868332253
"VSA,VF,PV",XG_RF,0.25653880612697844,0.98017674
"VSA,VF,PV",SK_GB,0.076851855,0.9940615053648577
"VSA,VF,PV",SK_LR,0.8708727615223338,0.9327059411946192
"VSA,VF,LCD",SK_RF,0.32035744919131726,0.9752453469931275
"VSA,VF,LCD",XG_RF,3.575364408692253,0.7237245285423577
"VSA,VF,LCD",SK_GB,0.3300502778885845,0.9744963629702442
"VSA,VF,LCD",SK_LR,2.722975382,0.7895903126053786
"VSA,VF,PLD",SK_RF,0.33784182765403603,0.9738942945266466
"VSA,VF,PLD",XG_RF,3.3093463713860043,0.7442802678382865
"VSA,VF,PLD",SK_GB,0.3324056403660089,0.9743143594582884
"VSA,VF,PLD",SK_LR,2.586286880854335,0.8001525031698526
"VSA,PV,LCD",SK_RF,0.077436863,0.9940163006003004
"VSA,PV,LCD",XG_RF,3.575364408692253,0.7237245285423577
"VSA,PV,LCD",SK_GB,0.10262025567536832,0.9920703301042855
"VSA,PV,LCD",SK_LR,1.037613655969369,0.9198215428623461
"VSA,PV,PLD",SK_RF,0.099062137,0.9923452729856957
"VSA,PV,PLD",XG_RF,3.3093463713860043,0.7442802678382865
"VSA,PV,PLD",SK_GB,0.11981817754575942,0.9907414127046261
"VSA,PV,PLD",SK_LR,1.183216466820231,0.908570526
"VSA,LCD,PLD",SK_RF,0.9470444928855303,0.9268200010250103
"VSA,LCD,PLD",XG_RF,3.3093463713860043,0.7442802678382865
"VSA,LCD,PLD",SK_GB,1.2468638647140238,0.9036523658316096
"VSA,LCD,PLD",SK_LR,2.737448795827273,0.7884719233598456
"VF,PV,LCD",SK_RF,0.050121000471584784,0.9961270512729972
"VF,PV,LCD",XG_RF,3.575364408692253,0.7237245285423577
"VF,PV,LCD",SK_GB,0.06929353,0.9946455520317544
"VF,PV,LCD",SK_LR,0.8269715409852078,0.9360982752381013
"VF,PV,PLD",SK_RF,0.063280215,0.9951102127603594
"VF,PV,PLD",XG_RF,3.3093463713860043,0.7442802678382865
"VF,PV,PLD",SK_GB,0.076943066,0.994054457
"VF,PV,PLD",SK_LR,0.880334677,0.9319748002712009
"VF,LCD,PLD",SK_RF,0.32849045588777664,0.9746168934978782
"VF,LCD,PLD",XG_RF,3.3093463713860043,0.7442802678382865
"VF,LCD,PLD",SK_GB,0.3231118169624649,0.9750325115538386
"VF,LCD,PLD",SK_LR,2.4545746305531697,0.8103301689653265
"PV,LCD,PLD",SK_RF,0.080243377,0.9937994356914304
"PV,LCD,PLD",XG_RF,3.3093463713860043,0.7442802678382865
"PV,LCD,PLD",SK_GB,0.10360766072274197,0.9919940313655277
"PV,LCD,PLD",SK_LR,1.2078170784949653,0.9066695881447673
"Density,GSA,VSA,VF",SK_RF,0.061499807,0.9952477884166055
"Density,GSA,VSA,VF",XG_RF,0.4925048794102757,0.9619431749604421
"Density,GSA,VSA,VF",SK_GB,0.084449065,0.9934744539055768
"Density,GSA,VSA,VF",SK_LR,0.9690414172318679,0.9251202552229802
"Density,GSA,VSA,PV",SK_RF,0.054576640902921775,0.9957827551341699
"Density,GSA,VSA,PV",XG_RF,0.4925048794102757,0.9619431749604421
"Density,GSA,VSA,PV",SK_GB,0.12809041972441657,0.9901022002085895
"Density,GSA,VSA,PV",SK_LR,0.35353814587167354,0.972681409
"Density,GSA,VSA,LCD",SK_RF,0.12927018822848774,0.9900110371654937
"Density,GSA,VSA,LCD",XG_RF,0.4925048794102757,0.9619431749604421
"Density,GSA,VSA,LCD",SK_GB,0.16139416449772948,0.9875287540540709
"Density,GSA,VSA,LCD",SK_LR,0.6297652055606309,0.9513367983831552
"Density,GSA,VSA,PLD",SK_RF,0.16841151574464308,0.9869865094595307
"Density,GSA,VSA,PLD",XG_RF,0.4925048794102757,0.9619431749604421
"Density,GSA,VSA,PLD",SK_GB,0.1927561058273432,0.9851053548879324
"Density,GSA,VSA,PLD",SK_LR,0.7815342412527112,0.9396093051557339
"Density,GSA,VF,PV",SK_RF,0.052603845,0.9959351969512745
"Density,GSA,VF,PV",XG_RF,0.2900517782005533,0.9775871260633834
"Density,GSA,VF,PV",SK_GB,0.076656092,0.9940766323403257
"Density,GSA,VF,PV",SK_LR,0.6784462556050681,0.9475751174704676
"Density,GSA,VF,LCD",SK_RF,0.048263253992107846,0.9962706030136865
"Density,GSA,VF,LCD",XG_RF,0.2900517782005533,0.9775871260633834
"Density,GSA,VF,LCD",SK_GB,0.075379613,0.9941752684084431
"Density,GSA,VF,LCD",SK_LR,1.4093759309531158,0.8910947374095649
"Density,GSA,VF,PLD",SK_RF,0.051933091,0.9959870274954522
"Density,GSA,VF,PLD",XG_RF,0.2900517782005533,0.9775871260633834
"Density,GSA,VF,PLD",SK_GB,0.081140622,0.993730104
"Density,GSA,VF,PLD",SK_LR,2.0822200847484362,0.8391027403545535
"Density,GSA,PV,LCD",SK_RF,0.044417418,0.9965677783290698
"Density,GSA,PV,LCD",XG_RF,0.24927928451958375,0.9807376972014827
"Density,GSA,PV,LCD",SK_GB,0.10477122257395181,0.9919041206425167
"Density,GSA,PV,LCD",SK_LR,0.45825311768441557,0.9645898762578151
"Density,GSA,PV,PLD",SK_RF,0.047758764,0.9963095859271806
"Density,GSA,PV,PLD",XG_RF,0.24927928451958375,0.9807376972014827
"Density,GSA,PV,PLD",SK_GB,0.11986862543684262,0.9907375144964157
"Density,GSA,PV,PLD",SK_LR,0.6259716695068468,0.9516299324086556
"Density,GSA,LCD,PLD",SK_RF,0.098590847,0.9923816904963624
"Density,GSA,LCD,PLD",XG_RF,0.6828243658987232,0.9472368122385499
"Density,GSA,LCD,PLD",SK_GB,0.15446991776548616,0.9880638042788225
"Density,GSA,LCD,PLD",SK_LR,1.3593694361478659,0.8949588380575092
"Density,VSA,VF,PV",SK_RF,0.052926664239406236,0.9959102520907035
"Density,VSA,VF,PV",XG_RF,0.38397815448446915,0.9703292494041372
"Density,VSA,VF,PV",SK_GB,0.076976365,0.9940518842013512
"Density,VSA,VF,PV",SK_LR,0.8613074723696814,0.9334450699849192
"Density,VSA,VF,LCD",SK_RF,0.049491526416496096,0.9961756919768419
"Density,VSA,VF,LCD",XG_RF,0.38397815448446915,0.9703292494041372
"Density,VSA,VF,LCD",SK_GB,0.076084631,0.9941207902287555
"Density,VSA,VF,LCD",SK_LR,2.655882727827872,0.7947746945785487
"Density,VSA,VF,PLD",SK_RF,0.053251321175774226,0.9958851652078283
"Density,VSA,VF,PLD",XG_RF,0.38397815448446915,0.9703292494041372
"Density,VSA,VF,PLD",SK_GB,0.08251038,0.9936242598933417
"Density,VSA,VF,PLD",SK_LR,2.530172785976802,0.8044885501417416
"Density,VSA,PV,LCD",SK_RF,0.044049361,0.9965962188631907
"Density,VSA,PV,LCD",XG_RF,0.19755706765603748,0.9847343750825039
"Density,VSA,PV,LCD",SK_GB,0.10331424557659827,0.992016704
"Density,VSA,PV,LCD",SK_LR,0.9116820029836926,0.9295525304829292
"Density,VSA,PV,PLD",SK_RF,0.048203976,0.996275184
"Density,VSA,PV,PLD",XG_RF,0.19755706765603748,0.9847343750825039
"Density,VSA,PV,PLD",SK_GB,0.11966322351531163,0.9907533863086907
"Density,VSA,PV,PLD",SK_LR,0.9849084173796219,0.9238941807742382
"Density,VSA,LCD,PLD",SK_RF,0.099190344,0.9923353661573051
"Density,VSA,LCD,PLD",XG_RF,1.7799915297583744,0.8624565378905036
"Density,VSA,LCD,PLD",SK_GB,0.15279665146801297,0.9881931008713837
"Density,VSA,LCD,PLD",SK_LR,2.430664484788468,0.8121777531661716
"Density,VF,PV,LCD",SK_RF,0.046152874,0.9964336762542203
"Density,VF,PV,LCD",XG_RF,0.13824167960890826,0.9893177923021791
"Density,VF,PV,LCD",SK_GB,0.068137358,0.9947348917603506
"Density,VF,PV,LCD",SK_LR,0.8224928983039486,0.936444349
"Density,VF,PV,PLD",SK_RF,0.058687667367901535,0.9954650879973528
"Density,VF,PV,PLD",XG_RF,0.13824167960890826,0.9893177923021791
"Density,VF,PV,PLD",SK_GB,0.076392198,0.9940970239469413
"Density,VF,PV,PLD",SK_LR,0.8776872639093389,0.9321793711322386
"Density,VF,LCD,PLD",SK_RF,0.048486455,0.9962533558092661
"Density,VF,LCD,PLD",XG_RF,0.3595246480507197,0.9722188201573595
"Density,VF,LCD,PLD",SK_GB,0.075723146,0.9941487229179101
"Density,VF,LCD,PLD",SK_LR,2.4297923161710044,0.8122451473583258
"Density,PV,LCD,PLD",SK_RF,0.043181725,0.9966632628132297
"Density,PV,LCD,PLD",XG_RF,0.23577632996119954,0.9817810971770543
"Density,PV,LCD,PLD",SK_GB,0.10275740238491472,0.9920597325070877
"Density,PV,LCD,PLD",SK_LR,0.8997979069927186,0.930470838
"GSA,VSA,VF,PV",SK_RF,0.053776066593448774,0.9958446170927017
"GSA,VSA,VF,PV",XG_RF,0.38397815448446915,0.9703292494041372
"GSA,VSA,VF,PV",SK_GB,0.075885613,0.9941361687518571
"GSA,VSA,VF,PV",SK_LR,0.25486094349241206,0.9803063913853581
"GSA,VSA,VF,LCD",SK_RF,0.051829674,0.9959950186625541
"GSA,VSA,VF,LCD",XG_RF,0.38397815448446915,0.9703292494041372
"GSA,VSA,VF,LCD",SK_GB,0.13720317608709015,0.9893980395210089
"GSA,VSA,VF,LCD",SK_LR,0.6190336874283381,0.952166044
"GSA,VSA,VF,PLD",SK_RF,0.056020102,0.9956712160277603
"GSA,VSA,VF,PLD",XG_RF,0.38397815448446915,0.9703292494041372
"GSA,VSA,VF,PLD",SK_GB,0.1433012572861029,0.9889268287392077
"GSA,VSA,VF,PLD",SK_LR,0.7053027764287261,0.9454998610478693
"GSA,VSA,PV,LCD",SK_RF,0.049140019959608094,0.9962028535752124
"GSA,VSA,PV,LCD",XG_RF,0.19755706765603748,0.9847343750825039
"GSA,VSA,PV,LCD",SK_GB,0.10237460607696201,0.9920893119340671
"GSA,VSA,PV,LCD",SK_LR,0.21254276657773002,0.983576401
"GSA,VSA,PV,PLD",SK_RF,0.051820428,0.9959957331149075
"GSA,VSA,PV,PLD",XG_RF,0.19755706765603748,0.9847343750825039
"GSA,VSA,PV,PLD",SK_GB,0.11961311852557333,0.9907572580202366
"GSA,VSA,PV,PLD",SK_LR,0.30192692191179654,0.9766695102479228
"GSA,VSA,LCD,PLD",SK_RF,0.10082079363679967,0.9922093780910772
"GSA,VSA,LCD,PLD",XG_RF,1.7799915297583744,0.8624565378905036
"GSA,VSA,LCD,PLD",SK_GB,0.1742413817262017,0.9865360241974762
"GSA,VSA,LCD,PLD",SK_LR,0.576732365,0.9554347507799541
"GSA,VF,PV,LCD",SK_RF,0.042025807,0.996752583
"GSA,VF,PV,LCD",XG_RF,0.13824167960890826,0.9893177923021791
"GSA,VF,PV,LCD",SK_GB,0.066594699,0.9948540960615918
"GSA,VF,PV,LCD",SK_LR,0.47106558049362063,0.963599832
"GSA,VF,PV,PLD",SK_RF,0.045244006242636026,0.9965039062522053
"GSA,VF,PV,PLD",XG_RF,0.13824167960890826,0.9893177923021791
"GSA,VF,PV,PLD",SK_GB,0.07385707,0.9942929182533793
"GSA,VF,PV,PLD",SK_LR,0.6288920238545883,0.9514042708586653
"GSA,VF,LCD,PLD",SK_RF,0.10276265044766829,0.9920593269789104
"GSA,VF,LCD,PLD",XG_RF,0.3595246480507197,0.9722188201573595
"GSA,VF,LCD,PLD",SK_GB,0.1812052770561701,0.9859979102472474
"GSA,VF,LCD,PLD",SK_LR,1.3253523226180437,0.8975874076251962
"GSA,PV,LCD,PLD",SK_RF,0.066870638,0.9948327736802621
"GSA,PV,LCD,PLD",XG_RF,0.23577632996119954,0.9817810971770543
"GSA,PV,LCD,PLD",SK_GB,0.10174998809505133,0.9921375773995434
"GSA,PV,LCD,PLD",SK_LR,0.48072149345233434,0.9628537004730258
"VSA,VF,PV,LCD",SK_RF,0.041712924,0.9967767599260217
"VSA,VF,PV,LCD",XG_RF,0.13824167960890826,0.9893177923021791
"VSA,VF,PV,LCD",SK_GB,0.068734025,0.9946887861088255
"VSA,VF,PV,LCD",SK_LR,0.8124172565778361,0.937222914
"VSA,VF,PV,PLD",SK_RF,0.045439305,0.9964888151347304
"VSA,VF,PV,PLD",XG_RF,0.13824167960890826,0.9893177923021791
"VSA,VF,PV,PLD",SK_GB,0.074298347,0.9942588199288582
"VSA,VF,PV,PLD",SK_LR,0.8341916712844565,0.9355403615055706
"VSA,VF,LCD,PLD",SK_RF,0.2829398570580839,0.9781366782605884
"VSA,VF,LCD,PLD",XG_RF,0.3595246480507197,0.9722188201573595
"VSA,VF,LCD,PLD",SK_GB,0.3194015685820662,0.9753192097762708
"VSA,VF,LCD,PLD",SK_LR,2.327736152711141,0.8201312287341106
"VSA,PV,LCD,PLD",SK_RF,0.062948729,0.995135827
"VSA,PV,LCD,PLD",XG_RF,0.23577632996119954,0.9817810971770543
"VSA,PV,LCD,PLD",SK_GB,0.099665637,0.992298639
"VSA,PV,LCD,PLD",SK_LR,1.0139744184959858,0.9216481934443065
"VF,PV,LCD,PLD",SK_RF,0.041003571394814996,0.9968315730304277
"VF,PV,LCD,PLD",XG_RF,0.23577632996119954,0.9817810971770543
"VF,PV,LCD,PLD",SK_GB,0.068663088,0.9946942675600629
"VF,PV,LCD,PLD",SK_LR,0.8197236169090535,0.9366583366506835
"Density,GSA,VSA,VF,PV",SK_RF,0.051586783,0.9960137873291289
"Density,GSA,VSA,VF,PV",XG_RF,0.13824167960890826,0.9893177923021791
"Density,GSA,VSA,VF,PV",SK_GB,0.075199092,0.9941892176261836
"Density,GSA,VSA,VF,PV",SK_LR,0.24470063114360427,0.9810914987935707
"Density,GSA,VSA,VF,LCD",SK_RF,0.046904539550486214,0.996375594
"Density,GSA,VSA,VF,LCD",XG_RF,0.3595246480507197,0.9722188201573595
"Density,GSA,VSA,VF,LCD",SK_GB,0.075192859,0.9941896992630223
"Density,GSA,VSA,VF,LCD",SK_LR,0.5977814408841636,0.953808247
"Density,GSA,VSA,VF,PLD",SK_RF,0.050057804423360996,0.9961319345564955
"Density,GSA,VSA,VF,PLD",XG_RF,0.3675620495500604,0.9715977542645721
"Density,GSA,VSA,VF,PLD",SK_GB,0.081795428,0.9936795056561074
"Density,GSA,VSA,VF,PLD",SK_LR,0.6867640193872345,0.9469323874301941
"Density,GSA,VSA,PV,LCD",SK_RF,0.043303101,0.9966538838387077
"Density,GSA,VSA,PV,LCD",XG_RF,0.23577632996119954,0.9817810971770543
"Density,GSA,VSA,PV,LCD",SK_GB,0.1014983692863885,0.9921570204819946
"Density,GSA,VSA,PV,LCD",SK_LR,0.21233325258470612,0.9835925900807881
"Density,GSA,VSA,PV,PLD",SK_RF,0.046852195,0.9963796382938839
"Density,GSA,VSA,PV,PLD",XG_RF,0.18569872361587644,0.985650693
"Density,GSA,VSA,PV,PLD",SK_GB,0.11933284294172204,0.9907789154683218
"Density,GSA,VSA,PV,PLD",SK_LR,0.2977653170485508,0.9769910856774982
"Density,GSA,VSA,LCD,PLD",SK_RF,0.096719872,0.9925262644035662
"Density,GSA,VSA,LCD,PLD",XG_RF,2.3323351607357807,0.8197758542981074
"Density,GSA,VSA,LCD,PLD",SK_GB,0.1520672649199734,0.9882494620109488
"Density,GSA,VSA,LCD,PLD",SK_LR,0.5720424353303565,0.955797151
"Density,GSA,VF,PV,LCD",SK_RF,0.039579346,0.9969416257228357
"Density,GSA,VF,PV,LCD",XG_RF,0.23577632996119954,0.9817810971770543
"Density,GSA,VF,PV,LCD",SK_GB,0.066217163,0.9948832690185161
"Density,GSA,VF,PV,LCD",SK_LR,0.4581033253394506,0.9646014510082449
"Density,GSA,VF,PV,PLD",SK_RF,0.042804770288236135,0.996692391
"Density,GSA,VF,PV,PLD",XG_RF,0.18569872361587644,0.985650693
"Density,GSA,VF,PV,PLD",SK_GB,0.074401099,0.9942508801260682
"Density,GSA,VF,PV,PLD",SK_LR,0.619302039,0.9521453079262628
"Density,GSA,VF,LCD,PLD",SK_RF,0.042970911,0.9966795528233636
"Density,GSA,VF,LCD,PLD",XG_RF,2.3323351607357807,0.8197758542981074
"Density,GSA,VF,LCD,PLD",SK_GB,0.073816698,0.994296038
"Density,GSA,VF,LCD,PLD",SK_LR,1.2977584471695167,0.8997196408963982
"Density,GSA,PV,LCD,PLD",SK_RF,0.040265335,0.9968886180117187
"Density,GSA,PV,LCD,PLD",XG_RF,2.3323351607357807,0.8197758542981074
"Density,GSA,PV,LCD,PLD",SK_GB,0.10211808730390329,0.9921091336464476
"Density,GSA,PV,LCD,PLD",SK_LR,0.457453558,0.9646516597875016
"Density,VSA,VF,PV,LCD",SK_RF,0.03969592,0.9969326178420923
"Density,VSA,VF,PV,LCD",XG_RF,0.23577632996119954,0.9817810971770543
"Density,VSA,VF,PV,LCD",SK_GB,0.069027288,0.9946661250783119
"Density,VSA,VF,PV,LCD",SK_LR,0.8047106561227972,0.9378184177906967
"Density,VSA,VF,PV,PLD",SK_RF,0.043098223,0.9966697151764619
"Density,VSA,VF,PV,PLD",XG_RF,0.18569872361587644,0.985650693
"Density,VSA,VF,PV,PLD",SK_GB,0.073717057,0.9943037374057695
"Density,VSA,VF,PV,PLD",SK_LR,0.8263491621902632,0.936146368
"Density,VSA,VF,LCD,PLD",SK_RF,0.044284363,0.99657806
"Density,VSA,VF,LCD,PLD",XG_RF,2.3323351607357807,0.8197758542981074
"Density,VSA,VF,LCD,PLD",SK_GB,0.075080347,0.9941983932550176
"Density,VSA,VF,LCD,PLD",SK_LR,2.2835313760080367,0.8235470191622524
"Density,VSA,PV,LCD,PLD",SK_RF,0.04017596,0.9968955242089325
"Density,VSA,PV,LCD,PLD",XG_RF,2.3323351607357807,0.8197758542981074
"Density,VSA,PV,LCD,PLD",SK_GB,0.099656448,0.992299349
"Density,VSA,PV,LCD,PLD",SK_LR,0.8978189830225469,0.9306237534235282
"Density,VF,PV,LCD,PLD",SK_RF,0.038690853,0.9970102813828265
"Density,VF,PV,LCD,PLD",XG_RF,2.3323351607357807,0.8197758542981074
"Density,VF,PV,LCD,PLD",SK_GB,0.067521684,0.9947824660809927
"Density,VF,PV,LCD,PLD",SK_LR,0.815741665,0.9369660299776242
"GSA,VSA,VF,PV,LCD",SK_RF,0.041047458,0.9968281818512847
"GSA,VSA,VF,PV,LCD",XG_RF,0.23577632996119954,0.9817810971770543
"GSA,VSA,VF,PV,LCD",SK_GB,0.066594699,0.9948540960615918
"GSA,VSA,VF,PV,LCD",SK_LR,0.18852310971990494,0.9854324468599892
"GSA,VSA,VF,PV,PLD",SK_RF,0.044706817,0.9965454159115181
"GSA,VSA,VF,PV,PLD",XG_RF,0.18569872361587644,0.985650693
"GSA,VSA,VF,PV,PLD",SK_GB,0.072859169,0.9943700280739209
"GSA,VSA,VF,PV,PLD",SK_LR,0.23220001293011788,0.982057446
"GSA,VSA,VF,LCD,PLD",SK_RF,0.048755436,0.9962325711360093
"GSA,VSA,VF,LCD,PLD",XG_RF,2.3323351607357807,0.8197758542981074
"GSA,VSA,VF,LCD,PLD",SK_GB,0.1379427511998899,0.9893408910909159
"GSA,VSA,VF,LCD,PLD",SK_LR,0.5665261752992032,0.9562234031883953
"GSA,VSA,PV,LCD,PLD",SK_RF,0.047213653630336305,0.9963517077072628
"GSA,VSA,PV,LCD,PLD",XG_RF,2.3323351607357807,0.8197758542981074
"GSA,VSA,PV,LCD,PLD",SK_GB,0.099586083,0.9923047866014382
"GSA,VSA,PV,LCD,PLD",SK_LR,0.2097418104401729,0.9837928359350276
"GSA,VF,PV,LCD,PLD",SK_RF,0.037589699,0.9970953697146794
"GSA,VF,PV,LCD,PLD",XG_RF,2.3323351607357807,0.8197758542981074
"GSA,VF,PV,LCD,PLD",SK_GB,0.067033963,0.9948201532433274
"GSA,VF,PV,LCD,PLD",SK_LR,0.47027854493461546,0.9636606477363946
"VSA,VF,PV,LCD,PLD",SK_RF,0.037409898,0.9971092632527448
"VSA,VF,PV,LCD,PLD",XG_RF,2.3323351607357807,0.8197758542981074
"VSA,VF,PV,LCD,PLD",SK_GB,0.068507911,0.994706258
"VSA,VF,PV,LCD,PLD",SK_LR,0.8036093056869629,0.9379035213147349
"Density,GSA,VSA,VF,PV,LCD",SK_RF,0.039462619050726726,0.9969506454624074
"Density,GSA,VSA,VF,PV,LCD",XG_RF,0.25706922984256037,0.9801357527363249
"Density,GSA,VSA,VF,PV,LCD",SK_GB,0.066833922,0.994835611
"Density,GSA,VSA,VF,PV,LCD",SK_LR,0.17546470964538197,0.9864414952323175
"Density,GSA,VSA,VF,PV,PLD",SK_RF,0.042901482,0.9966849177258682
"Density,GSA,VSA,VF,PV,PLD",XG_RF,0.2765776216384082,0.9786283007608912
"Density,GSA,VSA,VF,PV,PLD",SK_GB,0.072547942,0.9943940771981558
"Density,GSA,VSA,VF,PV,PLD",SK_LR,0.2208449500277738,0.9829348744033956
"Density,GSA,VSA,VF,LCD,PLD",SK_RF,0.042254764,0.996734891
"Density,GSA,VSA,VF,LCD,PLD",XG_RF,0.2765776216384082,0.9786283007608912
"Density,GSA,VSA,VF,LCD,PLD",SK_GB,0.075112354,0.9941959199862317
"Density,GSA,VSA,VF,LCD,PLD",SK_LR,0.5451442017435747,0.9578756305279119
"Density,GSA,VSA,PV,LCD,PLD",SK_RF,0.040022514,0.996907381
"Density,GSA,VSA,PV,LCD,PLD",XG_RF,0.2765776216384082,0.9786283007608912
"Density,GSA,VSA,PV,LCD,PLD",SK_GB,0.099541858,0.9923082039726385
"Density,GSA,VSA,PV,LCD,PLD",SK_LR,0.20941730107484352,0.9838179114147971
"Density,GSA,VF,PV,LCD,PLD",SK_RF,0.036130175357237865,0.9972081499702797
"Density,GSA,VF,PV,LCD,PLD",XG_RF,0.15660207125324777,0.9878990485664763
"Density,GSA,VF,PV,LCD,PLD",SK_GB,0.06630186,0.9948767243002008
"Density,GSA,VF,PV,LCD,PLD",SK_LR,0.4572093956964096,0.964670527
"Density,VSA,VF,PV,LCD,PLD",SK_RF,0.036086145266505255,0.9972115522623778
"Density,VSA,VF,PV,LCD,PLD",XG_RF,0.15660207125324777,0.9878990485664763
"Density,VSA,VF,PV,LCD,PLD",SK_GB,0.068109057,0.9947370786375773
"Density,VSA,VF,PV,LCD,PLD",SK_LR,0.7964481353469555,0.9384568790947317
"GSA,VSA,VF,PV,LCD,PLD",SK_RF,0.037375963,0.9971118855331526
"GSA,VSA,VF,PV,LCD,PLD",XG_RF,0.290280816,0.9775694278595367
"GSA,VSA,VF,PV,LCD,PLD",SK_GB,0.067033963,0.9948201532433274
"GSA,VSA,VF,PV,LCD,PLD",SK_LR,0.18705915265390158,0.9855455697147172
"Density,GSA,VSA,VF,PV,LCD,PLD",SK_RF,0.036147145,0.9972068386772889
"Density,GSA,VSA,VF,PV,LCD,PLD",XG_RF,0.43224965444975394,0.9665992152351853
"Density,GSA,VSA,VF,PV,LCD,PLD",SK_GB,0.06630186,0.9948767243002008
"Density,GSA,VSA,VF,PV,LCD,PLD",SK_LR,0.17385645035660235,0.9865657686048872