coreid,refcode,Density,GSA,VSA,PV,VF,LCD,PLD
2024[Zn][ths]3[FSR]1,d3ce00405h2_1_FSR_pacman,1.23899,700.399,867.788,0.391125,0.4846,4.66266,3.90863
2024[Zn][srs]3[FSR]2,d3qi01092a2_2_FSR_pacman,1.50301,291.015,437.397,0.31284,0.4702,3.89699,3.4238
2024[Zn][srs]3[FSR]1,d3qi01092a2_1_FSR_pacman,1.49702,277.789,415.857,0.314892,0.4714,3.87773,3.44353
2024[Zn][sra]3[FSR]1,d3dt01455j2_FSR_pacman,1.00542,1391.53,1399.07,0.555988,0.559,7.03576,5.263
2024[Zn][sql]2[FSR]3,d3dt03466f2_2_FSR_pacman,1.24597,547.398,682.04,0.366462,0.4566,4.65353,4.1972
2024[Zn][sql]2[FSR]2,d3ce00541k2_5_FSR_pacman,1.32669,387.336,513.875,0.333763,0.4428,4.89084,4.20307
2024[Zn][sql]2[FSR]1,d3ce00541k2_3_FSR_pacman,1.26246,645.685,815.154,0.365634,0.4616,4.83867,4.02901
2024[Zn][scn]3[FSR]1,d3cc01566a2_FSR_pacman,1.04474,1868.07,1951.64,0.590005,0.6164,7.29375,4.92532
2024[Zn][pcu]3[FSR]5,d3ta06197c2_4_FSR_pacman,1.21926,1242.71,1515.19,0.448469,0.5468,8.10628,4.95434
2024[Zn][pcu]3[FSR]4,d3ta06197c2_3_FSR_pacman,0.648133,2656.05,1721.47,1.16581,0.7556,14.46267,10.01487
2024[Zn][pcu]3[FSR]3,d3ta06197c2_1_FSR_pacman,0.535109,3601.13,1927,1.46886,0.786,13.10273,9.06658
2024[Zn][pcu]3[FSR]2,d3ta04732f2_1_FSR_pacman,1.25743,1624.17,2042.27,0.514862,0.6474,10.29168,4.87268
2024[Zn][pcu]3[FSR]1,d3ce00135k2_6_FSR_pacman,1.20753,0,0,0.394359,0.4762,5.4265,3.12558
2024[Zn][nia]3[FSR]1,d3qi01417g2_4_FSR_pacman,0.932478,2326.19,2169.12,0.692348,0.6456,8.59472,4.47227
2024[Zn][nan]3[FSR]2,d3ce00398a2_2_FSR_pacman,1.27926,1014.05,1297.22,0.430563,0.5508,5.16558,4.00285
2024[Zn][nan]3[FSR]1,d3ce00398a2_1_FSR_pacman,1.27551,1045.1,1333.04,0.427749,0.5456,5.18191,4.01843
2024[Zn][nan]2[FSR]1,d3dt00440f2_1_FSR_pacman,1.05729,1471.82,1556.15,0.538923,0.5698,6.28313,4.79556
2024[Zn][hex]3[FSR]1,d3dt03959e2_2_FSR_pacman,0.944033,2107.97,1989.99,0.659087,0.6222,6.71711,4.38612
2024[Zn][fsc]3[FSR]1,d3dt00440f2_2_FSR_pacman,0.819168,2788.17,2283.98,0.796906,0.6528,6.73264,5.14775
2024[Zn][crb]3[FSR]9,d3cc01369c2_2_FSR_pacman,0.935738,2069.73,1936.72,0.705326,0.66,6.30473,5.28591
2024[Zn][crb]3[FSR]8,d3cc01369c2_16_FSR_pacman,0.935738,2105.29,1969.99,0.712379,0.6666,6.3632,5.33079
2024[Zn][crb]3[FSR]7,d3cc01369c2_15_FSR_pacman,0.935738,2069.17,1936.2,0.704685,0.6594,6.29064,5.28609
2024[Zn][crb]3[FSR]6,d3cc01369c2_14_FSR_pacman,0.935738,2068.53,1935.6,0.70383,0.6586,6.28789,5.2849
2024[Zn][crb]3[FSR]5,d3cc01369c2_13_FSR_pacman,0.935738,2068.32,1935.41,0.703616,0.6584,6.18171,5.28512
2024[Zn][crb]3[FSR]4,d3cc01369c2_12_FSR_pacman,0.935738,2108.35,1972.86,0.711952,0.6662,6.34189,5.33288
2024[Zn][crb]3[FSR]3,d3cc01369c2_11_FSR_pacman,0.935738,2067.25,1934.4,0.703616,0.6584,6.28692,5.28447
2024[Zn][crb]3[FSR]2,d3cc01369c2_10_FSR_pacman,0.935738,2066.9,1934.08,0.703616,0.6584,6.18304,5.28458
2024[Zn][crb]3[FSR]16,d3cc01369c2_9_FSR_pacman,0.935738,2067.91,1935.02,0.70383,0.6586,6.28096,5.28433
2024[Zn][crb]3[FSR]15,d3cc01369c2_8_FSR_pacman,0.935738,2068.85,1935.9,0.704685,0.6594,6.2956,5.28606
2024[Zn][crb]3[FSR]14,d3cc01369c2_7_FSR_pacman,0.935738,2070.69,1937.62,0.704898,0.6596,6.29538,5.28589
2024[Zn][crb]3[FSR]13,d3cc01369c2_6_FSR_pacman,0.935738,2067.42,1934.57,0.70383,0.6586,6.29673,5.28475
2024[Zn][crb]3[FSR]12,d3cc01369c2_5_FSR_pacman,0.935738,2067.93,1935.04,0.70383,0.6586,6.28808,5.28476
2024[Zn][crb]3[FSR]11,d3cc01369c2_4_FSR_pacman,0.935738,2066.06,1933.29,0.70383,0.6586,6.29436,5.28433
2024[Zn][crb]3[FSR]10,d3cc01369c2_3_FSR_pacman,0.935738,2069.58,1936.59,0.704898,0.6596,6.30272,5.28603
2024[Zn][crb]3[FSR]1,d3cc01369c2_1_FSR_pacman,0.935738,2070.41,1937.36,0.705112,0.6598,6.29616,5.28591
2024[Zn][bnn]3[FSR]1,d3dt02522e1_FSR_pacman,1.32296,535.002,707.786,0.351334,0.4648,4.89324,3.67818
2024[Tb][tfz]3[FSR]1,d3qi00103b2_3_FSR_pacman,1.01079,1962.37,1983.55,0.691537,0.699,9.97794,9.08835
2024[Tb][sql]2[FSR]1,d3ce00099k2_4_FSR_pacman,1.60953,736.265,1185.04,0.325561,0.524,7.28222,5.74426
2024[Tb][nan]3[FSR]1,d3dt01830j2_1_FSR_pacman,1.34269,923.174,1239.54,0.385345,0.5174,4.83016,3.96505
2024[Sm][sql]2[FSR]1,d3ce00099k2_5_FSR_pacman,1.54337,761.832,1175.78,0.332391,0.513,7.3842,5.83467
2024[Pr][sql]2[FSR]1,d3ce00099k2_2_FSR_pacman,1.48812,831.215,1236.94,0.348091,0.518,7.403,5.8344
2024[Ni][sql]2[FSR]4,d3dt00976a2_FSR_pacman,1.29964,669.865,870.582,0.34071,0.4428,4.30395,3.76836
2024[Ni][sql]2[FSR]3,d2qi02436e2_2_FSR_pacman,1.07192,1232.77,1321.44,0.526158,0.564,6.1527,5.04481
2024[Ni][sql]2[FSR]2,anie202316792-sup-0001-ntu-88o-c3h4_FSR_pacman,1.32559,0,0,0.318047,0.4216,3.56183,2.64337
2024[Ni][sql]2[FSR]1,anie202316792-sup-0001-ntu-88_FSR_pacman,0.886769,2377.99,2108.73,0.692401,0.614,6.35552,4.69168
2024[Ni][nan]3[FSR]2,d3dt01028g2_FSR_pacman,0.936519,1813.09,1697.99,0.65263,0.6112,9.33118,5.24845
2024[Ni][nan]3[FSR]1,d3ce01076g2_4_FSR_pacman,1.03017,1427.07,1470.13,0.538162,0.5544,6.45997,4.1855
2024[Ni][fes]2[FSR]2,d3ta01930f2_2_FSR_pacman,1.26326,617.348,779.873,0.361445,0.4566,5.90426,4.22577
2024[Ni][etb]3[FSR]1,d3ce00813d2_3_FSR_pacman,1.08102,998.03,1078.89,0.461233,0.4986,7.00003,4.0505
2024[Nd][sql]2[FSR]1,d3ce00099k2_3_FSR_pacman,1.50737,804.08,1212.04,0.351341,0.5296,7.3954,5.82488
2024[Mn][pts]3[FSR]1,d3ce00476g2_2_FSR_pacman,1.19889,828.479,993.252,0.395867,0.4746,5.10481,4.20937
2024[Mn][pcu]3[FSR]1,d3ce00881a2_7_FSR_pacman,1.05845,1304.3,1380.54,0.515091,0.5452,6.39103,5.68979
2024[La][sql]2[FSR]1,d3ce00039g1_1_FSR_pacman,1.38108,494.827,683.394,0.323226,0.4464,5.08436,4.56141
2024[La][nan]3[FSR]1,d3dt01830j2_3_FSR_pacman,1.26253,980.821,1238.32,0.421534,0.5322,4.96724,3.96174
2024[Hf][pcu]3[FSR]1,d3ce01022h2_FSR_pacman,1.28757,1192.78,1535.78,0.452637,0.5828,6.92134,5.93913
2024[Fe][bpq]3[FSR]1,d3ta04403c2_FSR_pacman,1.75621,93.5738,164.335,0.174353,0.3062,3.99564,3.68069
2024[Eu][sql]2[FSR]1,d3ce00099k2_1_FSR_pacman,1.56281,780.811,1220.26,0.327103,0.5112,7.34563,5.80246
2024[Eu][nan]3[FSR]2,d3dt01830j2_2_FSR_pacman,1.32557,936.68,1241.63,0.394246,0.5226,4.84712,3.92136
2024[Eu][nan]3[FSR]1,d3dt01323e2_FSR_pacman,1.93704,0,0,0.188535,0.3652,4.38237,2.7603
2024[Eu][nan]2[FSR]1,d3qi00443k2_1_FSR_pacman,1.23309,618.62,762.812,0.386672,0.4768,5.28514,3.84082
2024[CuCe][nan]3[FSR]1,d3qi00235g2_FSR_pacman,1.8116,576.511,1044.41,0.264849,0.4798,4.94937,3.62099
2024[Cu][tfz]3[FSR]1,d2cc06283f2_FSR_pacman,1.65828,662.913,1099.3,0.273415,0.4534,8.13006,7.89447
2024[Cu][srs]3[FSR]2,d3ta01930f2_1_FSR_pacman,1.29449,630.398,816.041,0.3518,0.4554,5.43377,4.85694
2024[Cu][sql]2[FSR]1,d2dt04162f2_FSR_pacman,1.2818,0,0,0.356373,0.4568,4.60586,3.24756
2024[Cu][pcu]3[FSR]2,d3dt01419c2_2_FSR_pacman,1.42371,0,0,0.290086,0.413,3.66665,2.62136
2024[Cu][pcu]3[FSR]1,d3dt01419c2_1_FSR_pacman,1.43071,0,0,0.297754,0.426,3.55755,2.78705
2024[Cu][nan]3[FSR]1,d3dt00979c2_FSR_pacman,1.1089,1302.48,1444.32,0.549913,0.6098,6.53115,4.61135
2024[Co][sql]2[FSR]3,d3dt03466f2_1_FSR_pacman,1.23449,569.252,702.734,0.374569,0.4624,4.64806,4.22285
2024[Co][sql]2[FSR]2,d2qi02436e2_1_FSR_pacman,1.06693,1233.05,1315.58,0.519621,0.5544,6.11057,5.12799
2024[Co][sql]2[FSR]1,d2me00259k2_2_FSR_pacman,1.02179,1244.15,1271.26,0.495794,0.5066,5.61871,3.97934
2024[Co][pcu]3[FSR]2,d3ta04732f2_2_FSR_pacman,1.23746,1568.95,1941.51,0.500058,0.6188,8.84998,4.77304
2024[Co][pcu]3[FSR]1,d3dt01053h2_FSR_pacman,1.26962,512.778,651.033,0.348766,0.4428,4.97849,3.67499
2024[Co][nan]3[FSR]2,d3dt01783d2_FSR_pacman,0.997151,1829.99,1824.78,0.604723,0.603,6.42474,4.90193
2024[Co][nan]3[FSR]1,d3dt01104f2_FSR_pacman,1.28979,762.342,983.258,0.377117,0.4864,9.66687,9.22458
2024[Cd][sql]2[FSR]1,d3ce00001j2_FSR_pacman,1.31913,485.156,639.984,0.34644,0.457,4.45924,3.41188
2024[Cd][pcu]3[FSR]1,d3ce00135k2_5_FSR_pacman,1.27726,663.769,847.802,0.381286,0.487,5.24432,3.62664
2024[Cd][nia]3[FSR]1,d3qi01417g2_3_FSR_pacman,0.920364,2455.13,2259.62,0.747313,0.6878,9.39189,4.95806
2024[Cd][nan]3[FSR]6,d3qi01954c2_FSR_pacman,0.85937,1958.35,1682.94,0.758462,0.6518,9.929,7.12371
2024[Cd][nan]3[FSR]5,d3qi00428g2_FSR_pacman,1.15553,1212.94,1401.59,0.496567,0.5738,7.4251,5.63106
2024[Cd][nan]3[FSR]4,d3qi00343d2_FSR_pacman,0.896935,2141.9,1921.14,0.74186,0.6654,10.43686,6.28426
2024[Cd][nan]3[FSR]3,d3ce00135k2_3_FSR_pacman,1.32368,0,0,0.357035,0.4726,5.08472,3.22525
2024[Cd][nan]3[FSR]2,d2dt03388g2_FSR_pacman,1.57674,313.396,494.142,0.260284,0.4104,5.24921,4.0351
2024[Cd][nan]2[FSR]2,d3nj04122k2_FSR_pacman,1.37981,632.45,872.659,0.337004,0.465,5.67885,4.2365
2024[Cd][nan]2[FSR]1,d3ce01096a2_2_FSR_pacman,1.34933,0,0,0.338241,0.4564,4.57745,2.87832
2024[Cd][dia]3[FSR]1,d3ce00135k2_2_FSR_pacman,1.20139,740.126,889.181,0.402866,0.484,5.78772,4.02753
2023[ZrCu][nan]3[FSR]1,d3sc00877k2_4_FSR_pacman,1.16986,1499.12,1753.75,0.472878,0.5532,5.91757,5.14223
2023[Zr][hcp]3[FSR]1,d2ce01529c5_FSR_pacman,0.647064,3083.46,1995.2,1.17886,0.7628,15.6067,9.04109
2023[Zn][pcu]3[FSR]1,d2cc02041f2_1_FSR_pacman,0.891096,2565.04,2285.7,0.798792,0.7118,9.49982,6.32548
2023[Zn][nan]3[FSR]17,d3ta02167j2_2_FSR_pacman,1.1164,1276.92,1425.55,0.490507,0.5476,6.0665,4.22099
2023[Zn][nan]3[FSR]16,d3ce01078c2_5_FSR_pacman,1.85614,528.281,980.561,0.271963,0.5048,7.41681,6.42624
2023[Zn][nan]3[FSR]15,d3ce01078c2_4_FSR_pacman,1.4371,608.097,873.898,0.34834,0.5006,4.70973,3.97539
2023[Zn][nan]3[FSR]14,d3ce01078c2_3_FSR_pacman,1.43928,768.049,1105.43,0.362682,0.522,8.21835,7.31824
2023[Zn][nan]3[FSR]13,d3ce01078c2_2_FSR_pacman,1.65953,642.334,1065.97,0.311051,0.5162,7.80637,6.90024
2023[Zn][nan]3[FSR]12,d2ce00631f2_2_FSR_pacman,1.51073,0,0,0.271391,0.41,4.26643,2.55509
2023[Zn][nan]3[FSR]11,d2cc04064f2_FSR_pacman,1.52665,0,0,0.264633,0.404,4.84734,2.94076
2023[Zn][nan]3[FSR]10,d1dt04149e2_3_FSR_pacman,1.40463,578.719,812.884,0.353831,0.497,5.82322,4.02198
2023[Zn][kgd]2[FSR]2,d2ce01382g2_2_FSR_pacman,1.67217,284.065,475.004,0.252965,0.423,4.63126,3.5354
2023[Zn][eta]3[FSR]2,advs5490-sup-0002-suppmat_2_FSR_pacman,1.07529,1580.76,1699.78,0.581236,0.625,7.24464,6.56289
2023[Zn][eta]3[FSR]1,advs5490-sup-0002-suppmat_1_FSR_pacman,1.09314,1542.76,1686.46,0.568088,0.621,7.07281,6.34617
2023[V][sea]3[FSR]1,d3ta05297d2_2_FSR_pacman,1.02943,1357.06,1397,0.567497,0.5842,5.93115,5.17612
2023[U][nan]2[FSR]1,d1dt04099e2_FSR_pacman,1.11106,1791.59,1990.57,0.573505,0.6372,7.43907,5.4344
2023[U][hcb]2[FSR]1,d1ce01330k2_4_FSR_pacman,1.28961,1156.02,1490.81,0.424468,0.5474,6.75788,4.79324
2023[TiCu][nan]3[FSR]2,d3sc00877k2_5_FSR_pacman,1.07809,1601.24,1726.29,0.531308,0.5728,6.26315,5.35916
2023[TiCu][nan]3[FSR]1,d3sc00877k2_2_FSR_pacman,1.11021,1523.06,1690.92,0.504229,0.5598,6.05836,5.06464
2023[Th][nan]3[FSR]1,d2dt01903e2_FSR_pacman,1.40761,977.096,1375.37,0.391587,0.5512,5.34946,4.5768
2023[Tb][nan]3[FSR]1,d3ce00138e2_9_FSR_pacman,1.38516,482.552,668.41,0.336135,0.4656,5.42316,3.69433
2023[Tb][bey]2[FSR]1,d3ce00138e2_4_FSR_pacman,1.23713,712.965,882.033,0.406747,0.5032,5.84419,3.75594
2023[Sm][nan]2[FSR]1,d3ce00138e2_10_FSR_pacman,1.36206,496.784,676.652,0.343449,0.4678,5.42403,3.69824
2023[Sc][nan]3[FSR]9,d2cc04649k2_4_FSR_pacman,1.24491,0,0,0.394083,0.4906,3.96965,2.99597
2023[Sc][nan]3[FSR]8,d2cc04649k2_3_FSR_pacman,1.24295,0,0,0.394868,0.4908,3.96442,3.00412
2023[Sc][nan]3[FSR]7,d2cc04649k2_2_FSR_pacman,1.24332,0,0,0.394589,0.4906,3.9617,3.00417
2023[Sc][nan]3[FSR]6,d2cc04649k2_17_FSR_pacman,1.24511,0,0,0.395146,0.492,3.98646,2.99827
2023[Sc][nan]3[FSR]5,d2cc04649k2_13_FSR_pacman,1.24421,0,0,0.394469,0.4908,3.96899,2.9981
2023[Sc][nan]3[FSR]4,d2cc04649k2_12_FSR_pacman,1.24158,0,0,0.395948,0.4916,3.9837,3.00472
2023[Sc][nan]3[FSR]3,d2cc04649k2_11_FSR_pacman,1.24179,0,0,0.395397,0.491,3.98093,3.00464
2023[Sc][nan]3[FSR]2,d2cc04649k2_10_FSR_pacman,1.24405,0,0,0.39468,0.491,3.96193,2.99976
2023[Sc][nan]3[FSR]13,d2cc04649k2_9_FSR_pacman,1.24544,0,0,0.406926,0.5068,3.98541,2.9976
2023[Sc][nan]3[FSR]12,d2cc04649k2_7_FSR_pacman,1.24458,0,0,0.39419,0.4906,3.96091,3.00165
2023[Sc][nan]3[FSR]11,d2cc04649k2_6_FSR_pacman,1.2451,0,0,0.408001,0.508,3.97414,2.99527
2023[Sc][nan]3[FSR]10,d2cc04649k2_5_FSR_pacman,1.24359,0,0,0.407852,0.5072,3.97622,3.00153
2023[Sc][nan]3[FSR]1,d2cc04649k2_1_FSR_pacman,1.24223,0,0,0.395096,0.4908,3.96948,3.00871
2023[Sc][bpq]3[FSR]2,d3sc00904a2_4_FSR_pacman,0.933059,1704.57,1590.46,0.639831,0.597,5.90322,5.71238
2023[Sc][bpq]3[FSR]1,d3sc00904a2_14_FSR_pacman,0.951349,1624.62,1545.58,0.619121,0.589,5.96067,5.71458
2023[Ni][sql]2[FSR]1,d2se00527a2_FSR_pacman,1.38488,525.224,727.371,0.327105,0.453,4.27518,3.53473
2023[Ni][dia]3[FSR]1,d2ta06863j2_FSR_pacman,1.26015,773.583,974.831,0.399159,0.503,5.38628,3.79465
2023[Mn][nan]3[FSR]1,d2ta08977g2_FSR_pacman,1.15213,1172.47,1350.83,0.480153,0.5532,4.9101,4.18523
2023[Mg][nan]2[FSR]1,d2ce00163b2_2_FSR_pacman,1.09854,829.096,910.797,0.448413,0.4926,4.42085,3.6536
2023[La][pts]3[FSR]1,d2dt02340g2_1_FSR_pacman,1.31181,1202.09,1576.92,0.429787,0.5638,6.96387,6.52394
2023[In][neb]3[FSR]4,d1ta10569h2_4_FSR_pacman,0.734468,2541.81,1866.88,0.926112,0.6802,9.71385,7.00232
2023[In][neb]3[FSR]3,d1ta10569h2_3_FSR_pacman,0.745389,2518.83,1877.51,0.88759,0.6616,9.62876,6.94212
2023[In][neb]3[FSR]2,d1ta10569h2_2_FSR_pacman,0.737421,2542.29,1874.74,0.927557,0.684,9.69778,7.05768
2023[In][neb]3[FSR]1,d1ta10569h2_1_FSR_pacman,0.714631,3163.37,2260.64,0.963854,0.6888,8.37885,6.95387
2023[Ho][nan]3[FSR]1,d3ce00138e2_6_FSR_pacman,1.4019,481.265,674.683,0.33098,0.464,5.46027,3.67921
2023[Ho][bey]2[FSR]1,d3ce00138e2_8_FSR_pacman,1.25252,705.612,883.792,0.400952,0.5022,5.77347,3.75877
2023[Hf][hcp]3[FSR]1,d2ce01529c4_FSR_pacman,0.837949,2387.25,2000.4,0.908886,0.7616,15.48228,8.99991
2023[Gd][nan]3[FSR]1,d3ce00138e2_5_FSR_pacman,1.38903,438.061,608.48,0.333614,0.4634,5.50421,3.43728
2023[Gd][bey]2[FSR]1,d3ce00138e2_3_FSR_pacman,1.23205,717.631,884.158,0.408425,0.5032,5.8129,3.77191
2023[Fe][nan]3[FSR]1,d2sc06699h2_FSR_pacman,1.2805,1225.44,1569.17,0.457791,0.5862,5.81881,4.18743
2023[Eu][nan]3[FSR]2,d2ta07042a2_1_FSR_pacman,0.806479,1297.21,1046.18,0.840691,0.678,27.15502,25.74871
2023[Eu][nan]3[FSR]1,d2dt00869f2_FSR_pacman,1.08349,1158.34,1255.06,0.524968,0.5688,11.10449,10.13408
2023[Eu][nan]2[FSR]2,d2qi00859a2_FSR_pacman,1.3302,350.456,466.178,0.341001,0.4536,6.37581,4.82083
2023[Eu][nan]2[FSR]1,d1dt03995d2_FSR_pacman,1.26715,983.632,1246.41,0.400427,0.5074,5.80341,4.80398
2023[Eu][mog]3[FSR]1,d3ce00358b2_2_FSR_pacman,1.49898,0,0,0.272319,0.4082,5.20483,2.81365
2023[Eu][bey]3[FSR]1,d3ce00138e2_1_FSR_pacman,1.21376,729.482,885.419,0.416226,0.5052,5.88034,3.77364
2023[Eu][bey]2[FSR]1,d3ce00138e2_2_FSR_pacman,1.22293,710.432,868.81,0.411797,0.5036,5.79425,3.75724
2023[Er][nan]3[FSR]1,d3ce00138e2_7_FSR_pacman,1.42989,422.841,604.614,0.321704,0.46,5.45464,3.41317
2023[CuTi][nan]3[FSR]1,d3sc00877k2_3_FSR_pacman,1.12043,1485.59,1664.5,0.491419,0.5506,5.93912,4.91288
2023[CuSi][nan]3[FSR]1,d3sc00877k2_6_FSR_pacman,1.10716,1498.91,1659.53,0.505438,0.5596,6.08551,5.16815
2023[CuSc][flu]3[FSR]1,d2ce00133k2_FSR_pacman,0.949918,2145.76,2038.3,0.728695,0.6922,9.7198,6.03297
2023[Cu][sql]2[FSR]1,d2qi00890d2_1_FSR_pacman,0.599993,4162.7,2497.59,1.20535,0.7232,7.92582,6.11938
2023[Cu][nan]3[FSR]4,d2qi00853j2_1_FSR_pacman,0.990781,1705.08,1689.36,0.597509,0.592,7.25479,4.50685
2023[Cu][nan]3[FSR]3,d2ce01496c2_3_FSR_pacman,1.30013,631.046,820.443,0.396729,0.5158,7.28525,5.71966
2023[Cu][ctn]3[FSR]1,d2qi00678b2_FSR_pacman,0.505831,4632.5,2343.26,1.53411,0.776,9.50808,7.56799
2023[CrMn][qtz]3[FSR]1,ja206917z_si_001_FSR_pacman,1.30832,567.407,742.352,0.423595,0.5542,5.82674,4.72231
2023[Co][sql]2[FSR]2,d3ya00378g2_FSR_pacman,1.23417,0,0,0.384713,0.4748,4.22704,2.86438
2023[Co][sql]2[FSR]1,d2dt02049a2_FSR_pacman,1.13055,1255.14,1419,0.501524,0.567,7.1218,5.22841
2023[Co][nan]3[FSR]2,d1nj06042b1_FSR_pacman,1.11602,1089.14,1215.5,0.461283,0.5148,5.58733,4.22769
2023[Co][nan]3[FSR]1,d1dt04149e2_2_FSR_pacman,1.17786,1083.43,1276.14,0.440458,0.5188,6.61332,5.18804
2023[Co][nan]2[FSR]1,d2dt02383k2_1_FSR_pacman,1.43846,207.789,298.896,0.260974,0.3754,4.59762,3.43271
2023[Co][hcb]2[FSR]2,d3cc02986g2_2_FSR_pacman,1.05931,1536.37,1627.49,0.544505,0.5768,7.58709,5.90024
2023[Co][hcb]2[FSR]1,d3cc02986g2_1_FSR_pacman,1.05949,1527.32,1618.18,0.537239,0.5692,7.56781,5.91685
2023[Co][ato]3[FSR]2,d2dt02968e2_2_FSR_pacman,0.782894,2725.26,2133.59,0.851201,0.6664,11.76063,10.75705
2023[Co][ato]3[FSR]1,d2dt02968e2_1_FSR_pacman,0.803142,2349.79,1887.21,0.826006,0.6634,11.28699,10.40405
2023[Cd][rtl]3[FSR]1,d3ce00557g2_3_FSR_pacman,1.3165,801.5,1055.18,0.381617,0.5024,4.96397,3.87939
2023[Cd][nan]3[FSR]2,d2qi00206j2_1_FSR_pacman,1.13995,1300.73,1482.77,0.508091,0.5792,7.42252,5.62882
2023[Cd][nan]3[FSR]1,adma202204553-sup-0004-jlu-mof88_FSR_pacman,1.24351,0,0,0.410292,0.5102,5.15336,2.94521
2023[Cd][nan]2[FSR]1,adma202204553-sup-0005-jlu-mof89_FSR_pacman,1.27081,0,0,0.388098,0.4932,5.20043,3.16992
2023[Cd][kgd]2[FSR]1,d3ce00557g2_4_FSR_pacman,1.70878,194.145,331.751,0.207166,0.354,4.13667,3.50634
2023[Cd][fsc]3[FSR]1,d2dt02141b2_FSR_pacman,1.25117,0,0,0.379004,0.4742,4.55938,2.83126
2023[Cd][fes]2[FSR]1,d2dt03392e2_FSR_pacman,1.07991,887.086,957.974,0.48504,0.5238,7.45467,6.49944
2023[Cd][eta]3[FSR]1,advs5490-sup-0002-suppmat_4_FSR_pacman,1.11962,1669.35,1869.04,0.583412,0.6532,7.57435,6.80047
2023[Cd][dmp]3[FSR]1,d3ta03300g2_2_FSR_pacman,1.15375,0,0,0.442212,0.5102,5.89449,2.45759
2023[Cd][dia]3[FSR]2,d3ta01574b2_2_FSR_pacman,1.4381,0,0,0.28037,0.4032,4.13995,2.95076
2023[Al][nan]3[FSR]1,42004_2023_850_MOESM4_ESM_FSR_pacman,1.10771,1278.26,1415.94,0.513312,0.5686,5.59563,4.29059
2022[Zn][sql]2[FSR]7,d1tc04239d2_FSR_pacman,1.20811,566.56,684.465,0.38192,0.4614,4.69991,3.41327
2022[Zn][sql]2[FSR]6,d1nj04628d2_FSR_pacman,1.31432,433.284,569.473,0.324275,0.4262,4.91763,3.38676
2022[Zn][pts]3[FSR]6,d2ra00599a2_6_FSR_pacman,1.1718,1549.32,1815.5,0.525343,0.6156,6.87194,5.69591
2022[Zn][pts]3[FSR]5,d2ra00599a2_5_FSR_pacman,1.16929,1547.69,1809.7,0.52784,0.6172,6.88043,5.72296
2022[Zn][pts]3[FSR]4,d2ra00599a2_4_FSR_pacman,1.17106,1545.68,1810.08,0.52619,0.6162,6.87743,5.7109
2022[Zn][pts]3[FSR]3,d2ra00599a2_3_FSR_pacman,1.17232,1544.19,1810.28,0.536542,0.629,6.86607,5.70218
2022[Zn][pts]3[FSR]2,d2ra00599a2_2_FSR_pacman,1.17287,1532.96,1797.95,0.524697,0.6154,6.86755,5.68818
2022[Zn][pts]3[FSR]1,d2ra00599a2_1_FSR_pacman,1.16427,1556.18,1811.82,0.531148,0.6184,6.89454,5.73199
2022[Zn][pcu]3[FSR]3,d1tc03197j2_FSR_pacman,1.04643,1373.61,1437.38,0.537254,0.5622,7.11267,3.81215
2022[Zn][pcu]3[FSR]2,d1qi01206a2_FSR_pacman,0.925547,2094.56,1938.62,0.686513,0.6354,8.32876,5.6982
2022[Zn][pcu]3[FSR]1,d1dt02555d2_FSR_pacman,0.967358,2099.75,2031.21,0.622107,0.6018,5.58976,4.00608
2022[Zn][nan]3[FSR]7,d1dt01685g2_3_FSR_pacman,0.885418,2027.54,1795.22,0.796686,0.7054,11.5279,10.58511
2022[Zn][nan]3[FSR]6,d1dt01685g2_2_FSR_pacman,0.88444,2031.56,1796.8,0.797341,0.7052,11.52485,10.58653
2022[Zn][nan]3[FSR]5,d1dt01685g2_1_FSR_pacman,0.884379,2024.17,1790.13,0.798074,0.7058,11.5324,10.59043
2022[Zn][nan]3[FSR]4,d1ce01074c2_FSR_pacman,0.867138,1999.97,1734.25,0.773348,0.6706,10.63464,9.46333
2022[Zn][nan]3[FSR]3,d1cc04371d2_FSR_pacman,1.12818,1077.48,1215.59,0.497614,0.5614,7.64152,3.58966
2022[Zn][nan]3[FSR]2,d0qm01097a2_3_FSR_pacman,0.962116,1491.75,1435.24,0.651688,0.627,13.36303,8.26092
2022[Zn][kgd]2[FSR]1,d1dt01097b2_FSR_pacman,0.763129,2381.79,1817.62,0.832625,0.6354,9.03512,4.93908
2022[Tb][nan]3[FSR]1,d0tc05573e2_FSR_pacman,1.07791,1227.15,1322.76,0.602836,0.6498,16.50327,4.60014
2022[Tb][hcb]2[FSR]1,d1py01492g2_3_FSR_pacman,1.33951,527.909,707.139,0.333854,0.4472,5.17025,3.9894
2022[Sm][nan]3[FSR]1,d1ay01050f2_FSR_pacman,1.95887,0,0,0.206956,0.4054,3.33681,2.74872
2022[Sc][nan]3[FSR]1,d2cc01197b2_FSR_pacman,1.01537,1645.27,1670.56,0.589733,0.5988,7.29761,7.13277
2022[Ni][nan]3[FSR]1,d1ta05720k2_FSR_pacman,1.1092,1293.08,1434.28,0.502886,0.5578,6.8055,6.19081
2022[Ni][kgd]2[FSR]2,d1ce01210j2_FSR_pacman,0.815754,2178.48,1777.11,0.773762,0.6312,9.61011,3.8556
2022[Ni][kgd]2[FSR]1,d0ta04898d2_FSR_pacman,0.827768,2120.94,1755.65,0.736196,0.6094,9.42475,3.73491
2022[Ni][crb]3[FSR]1,d1ce00762a2_5_FSR_pacman,1.06597,1318.04,1404.99,0.507707,0.5412,6.2418,3.78915
2022[In][nan]3[FSR]2,d2dt03719j3_2_FSR_pacman,1.31754,1597.2,2104.38,0.493646,0.6504,6.97678,6.49204
2022[In][nan]3[FSR]1,d2dt03719j3_1_FSR_pacman,1.31584,1589.31,2091.28,0.499301,0.657,6.98806,6.49312
2022[In][kgm]2[FSR]1,d0tc05655c2_FSR_pacman,1.17906,0,0,0.512952,0.6048,8.735,3.2117
2022[Gd][hcb]2[FSR]1,d1py01492g2_2_FSR_pacman,1.36943,467.381,640.045,0.315606,0.4322,4.94344,3.73164
2022[Eu][pts]3[FSR]1,d1ce01411k2_FSR_pacman,1.5192,0,0,0.28594,0.4344,4.38128,2.81504
2022[Eu][nan]3[FSR]2,d1dt02312h2_FSR_pacman,1.2549,923.412,1158.79,0.408955,0.5132,6.24504,5.25756
2022[Eu][nan]3[FSR]1,d1ce01192h2_FSR_pacman,1.45236,272.83,396.249,0.320994,0.4662,4.79775,3.32692
2022[Eu][hcb]2[FSR]2,d1ta00062d2_1_FSR_pacman,1.28605,0,0,0.375724,0.4832,5.38976,2.66074
2022[Eu][hcb]2[FSR]1,d1py01492g2_1_FSR_pacman,1.32329,538.261,712.277,0.337944,0.4472,5.17376,4.04652
2022[Eu][cco]3[FSR]1,d1ce01503f2_FSR_pacman,1.88142,383.55,721.619,0.234929,0.442,4.5334,3.50291
2022[Er][pcu]3[FSR]1,d1tc01027a2_3_FSR_pacman,1.54334,472.379,729.042,0.280301,0.4326,5.47591,4.42994
2022[CuIn][dia]3[FSR]1,d1dt00764e2_1_FSR_pacman,1.17296,1068.81,1253.67,0.470775,0.5522,7.79568,4.2915
2022[Cu][sql]2[FSR]3,d1qi00349f3_7_FSR_pacman,0.882166,2315.02,2042.23,0.760174,0.6706,8.13995,6.0612
2022[Cu][sql]2[FSR]2,d1qi00349f3_4_FSR_pacman,0.865402,2314.72,2003.17,0.798473,0.691,9.89179,5.90475
2022[Cu][sql]2[FSR]1,d1qi00349f3_1_FSR_pacman,0.800348,2736.72,2190.33,0.865873,0.693,9.57834,7.22782
2022[Cu][bnn]3[FSR]1,d1dt04129k2_1_FSR_pacman,1.71659,298.176,511.845,0.217408,0.3732,4.5322,3.65669
2022[Co][nan]3[FSR]1,d1ce00545f2_FSR_pacman,0.733345,2930.67,2149.19,0.977712,0.717,8.18299,7.27755
2022[Co][hxl]2[FSR]1,d1nj04480j2_1_FSR_pacman,1.18193,1239.68,1465.22,0.466185,0.551,5.65303,3.7818
2022[Co][gra]3[FSR]1,d1dt00005e2_3_FSR_pacman,1.29727,0,0,0.341948,0.4436,5.16671,2.46687
2022[Co][bcg]3[FSR]1,d1nj04480j2_2_FSR_pacman,0.944958,2336.64,2208.02,0.667966,0.6312,6.83432,5.57074
2022[Cd][sql]2[FSR]1,d1qm00251a2_3_FSR_pacman,1.33111,0,0,0.34723,0.4622,5.68434,2.48875
2022[Cd][pcu]3[FSR]1,d1nj04413c2_FSR_pacman,1.02792,1433.41,1473.43,0.550627,0.566,7.47477,4.74925
2022[Cd][nuc]3[FSR]1,d1cc05316g2_1_FSR_pacman,1.10193,850.619,937.323,0.462824,0.51,4.95702,4.0645
2022[Cd][nan]3[FSR]1,d1qi00683e2_3_FSR_pacman,1.32218,881.691,1165.75,0.383457,0.507,6.41087,5.7038
2022[Cd][nan]2[FSR]1,d1dt00894c2_3_FSR_pacman,1.14817,581.343,667.48,0.416663,0.4784,6.38494,5.50156
2022[Cd][fes]2[FSR]1,d1qi00683e2_1_FSR_pacman,1.58874,0,0,0.257562,0.4092,4.63163,2.86946
2022[Cd][crb]3[FSR]1,d1ce00310k2_2_FSR_pacman,1.86412,380.407,709.122,0.221124,0.4122,4.58636,3.50936